user_id,failed_payments_90d
7590-VHVEG,1
5575-GNVDE,0
3668-QPYBK,1
7795-CFOCW,1
9237-HQITU,0
9305-CDSKC,0
1452-KIOVK,0
6713-OKOMC,0
7892-POOKP,3
6388-TABGU,0
9763-GRSKD,0
7469-LKBCI,0
8091-TTVAX,0
0280-XJGEX,0
5129-JLPIS,0
3655-SNQYZ,1
8191-XWSZG,0
9959-WOFKT,0
4190-MFLUW,0
4183-MYFRB,0
8779-QRDMV,1
1680-VDCWW,0
1066-JKSGK,0
3638-WEABW,0
6322-HRPFA,2
6865-JZNKO,0
6467-CHFZW,0
8665-UTDHZ,0
5248-YGIJN,0
8773-HHUOZ,1
3841-NFECX,1
4929-XIHVW,0
6827-IEAUQ,0
7310-EGVHZ,0
3413-BMNZE,0
6234-RAAPL,1
6047-YHPVI,1
6572-ADKRS,0
5380-WJKOV,0
8168-UQWWF,0
8865-TNMNX,0
9489-DEDVP,0
9867-JCZSP,0
4671-VJLCL,0
4080-IIARD,0
3714-NTNFO,0
5948-UJZLF,1
7760-OYPDY,0
7639-LIAYI,1
2954-PIBKO,0
8012-SOUDQ,0
9420-LOJKX,0
6575-SUVOI,0
7495-OOKFY,0
4667-QONEA,0
1658-BYGOY,0
8769-KKTPH,0
5067-XJQFU,0
3957-SQXML,0
5954-BDFSG,1
0434-CSFON,0
1215-FIGMP,0
0526-SXDJP,0
0557-ASKVU,0
5698-BQJOH,0
5122-CYFXA,0
8627-ZYGSZ,0
3410-YOQBQ,1
3170-NMYVV,0
7410-OIEDU,0
2273-QCKXA,0
0731-EBJQB,1
1891-QRQSA,0
8028-PNXHQ,1
5630-AHZIL,0
2673-CXQEU,0
6416-JNVRK,0
5590-ZSKRV,1
0191-ZHSKZ,1
3887-PBQAO,0
5919-TMRGD,0
8108-UXRQN,0
9191-MYQKX,1
9919-YLNNG,0
0318-ZOPWS,0
4445-ZJNMU,1
4808-YNLEU,0
1862-QRWPE,1
2796-NNUFI,0
3016-KSVCP,1
4767-HZZHQ,0
2424-WVHPL,1
7233-PAHHL,0
6067-NGCEU,0
9848-JQJTX,0
8637-XJIVR,0
9803-FTJCG,0
0278-YXOOG,1
3212-KXOCR,0
4598-XLKNJ,1
6380-ARCEH,1
3679-XASPY,1
7123-WQUHX,1
5386-THSLQ,0
3192-NQECA,1
6180-YBIQI,0
6728-DKUCO,0
9750-BOOHV,0
8597-CWYHH,0
2848-YXSMW,0
0486-HECZI,0
4549-ZDQYY,0
5712-AHQNN,0
4846-WHAFZ,1
5256-SKJGO,0
3071-VBYPO,0
9560-BBZXK,0
5299-RULOA,0
8402-OOOHJ,1
9445-ZUEQE,0
1091-SOZGA,0
2928-HLDBA,0
0404-SWRVG,0
6497-TILVL,1
7219-TLZHO,0
4622-YNKIJ,1
4412-YLTKF,0
6734-PSBAW,0
3930-ZGWVE,0
2639-UGMAZ,0
2876-GZYZC,1
6207-WIOLX,0
8587-XYZSF,0
3091-FYHKI,1
2372-HWUHI,0
7799-LGRDP,0
7850-VWJUU,0
3774-VBNXY,0
6217-KDYWC,0
0390-DCFDQ,0
3146-MSEGF,0
4080-OGPJL,0
1095-WGNGG,0
2636-SJDOU,1
1131-QQZEB,0
5716-EZXZN,1
6837-BJYDQ,0
2135-RXIHG,0
6440-DKQGE,0
3466-BYAVD,0
3780-YVMFA,0
3874-EQOEP,0
1679-JRFBR,0
9073-ZZIAY,0
3077-RSNTJ,0
6551-GNYDG,1
9167-APMXZ,0
2749-CTKAJ,0
6371-NZYEG,0
7554-NEWDD,0
8992-VONJD,1
0867-MKZVY,0
4482-EWFMI,0
4648-YPBTM,0
2907-ILJBN,0
6345-FZOQH,1
3376-BMGFE,0
5997-OPVFA,0
3445-HXXGF,0
1159-WFSGR,0
7654-YWJUF,1
1875-QIVME,0
6727-IOTLZ,1
0691-JVSYA,0
5918-VUKWP,0
1744-JHKYS,0
2656-FMOKZ,0
2070-FNEXE,1
5947-SGKCL,0
3712-PKXZA,1
6317-YPKDH,0
6582-OIVSP,1
9367-WXLCH,1
5524-KHNJP,0
1918-ZBFQJ,0
1024-GUALD,0
4827-USJHP,0
8167-GJLRN,0
0956-SYCWG,0
8017-UVSZU,1
7100-FQPRV,0
2472-OVKUP,0
2984-RGEYA,0
9680-NIAUV,0
2146-EGVDT,0
2604-IJPDU,0
9178-JHUVJ,0
6168-YBYNP,0
7255-SSFBC,0
3645-DEYGF,1
9323-HGFWY,1
8544-GOQSH,0
3363-DTIVD,1
7018-WBJNK,0
9142-KZXOP,0
7674-YTAFD,0
6348-SNFUS,0
1285-OKIPP,1
7825-ECJRF,1
1347-KTTTA,0
7841-TZDMQ,1
4195-NZGTA,0
7157-SMCFK,0
4709-LKHYG,0
2504-DSHIH,0
0699-NDKJM,0
9286-BHDQG,0
0230-WEQUW,1
2040-LDIWQ,0
6496-JDSSB,1
9408-SSNVZ,0
4443-EMBNA,0
6469-MRVET,1
0742-MOABM,0
5961-VUSRV,0
6778-JFCMK,0
6341-JVQGF,0
2232-DMLXU,0
4811-JBUVU,0
0945-TSONX,0
2651-ZCBXV,0
3316-UWXUY,0
8937-RDTHP,0
7083-MIOPC,1
1984-GPTEH,0
1251-KRREG,0
0621-JFHOL,0
9903-LYSAB,0
0094-OIFMO,0
9227-UAQFT,0
7301-ABVAD,0
6614-FHDBO,1
7576-ASEJU,0
9058-HRZSV,0
4522-AKYLR,0
0221-WMXNQ,0
0303-UNCIP,1
9947-OTFQU,0
0322-YINQP,0
0959-WHOKV,0
4075-JFPGR,0
4629-NRXKX,1
9514-JDSKI,0
3282-ZISZV,0
3675-YDUPJ,0
4111-BNXIF,0
7017-VFHAY,1
6655-LHBYW,0
4959-JOSRX,1
5046-NUHWD,0
7273-TEFQD,0
3606-TWKGI,0
7529-ZDFXI,1
7605-BDWDC,0
1950-KSVVJ,0
0123-CRBRT,0
6292-TOSSS,0
3197-ARFOY,0
6323-AYBRX,0
7014-ZZXAW,0
4385-GZQXV,0
7633-MVPUY,0
6366-ZGQGL,0
4716-HHKQH,0
5940-AHUHD,0
6432-TWQLB,1
4484-GLZOU,1
3179-GBRWV,0
8645-KWHJO,0
4130-MZLCC,0
0314-TKOSI,1
8229-MYEJZ,1
2080-SRCDE,0
9577-WJVCQ,1
9512-UIBFX,0
6202-DYYFX,0
3808-HFKDE,0
5583-SXDAG,0
3488-PGMQJ,0
3580-REOAC,0
7534-BFESC,0
3727-OWVYD,0
2294-SALNE,0
4847-TAJYI,0
1563-IWQEX,1
8203-XJZRC,0
6556-DBKZF,0
6851-WEFYX,0
2985-JUUBZ,0
6390-DSAZX,0
0895-LMRSF,1
8098-LLAZX,0
8266-VBFQL,0
8181-YHCMF,0
2240-HSJQD,0
1248-DYXUB,0
0265-EDXBD,0
4115-BNPJY,0
3167-SNQPL,0
4091-TVOCN,0
1098-TDVUQ,1
7277-OZCGZ,0
1557-EMYVT,1
2799-ARNLO,1
7563-BIUPC,0
5027-YOCXN,2
3973-SKMLN,0
2321-OMBXY,1
2840-XANRC,1
6745-JEFZB,0
5020-ZSTTY,0
9880-TDQAC,0
8705-WZCYL,1
7102-JJVTX,1
8626-PTQGE,0
4983-CLMLV,2
5701-YVSVF,0
5804-LEPIM,1
5697-GOMBF,0
2739-CACDQ,0
9385-EHGDO,0
9498-FIMXL,0
2379-GYFLQ,0
0122-OAHPZ,0
2868-SNELZ,0
4322-RCYMT,0
6680-NENYN,0
2088-IEBAU,1
7982-VCELR,0
1343-EHPYB,0
6035-BXTTY,1
6885-PKOAM,0
7520-HQWJU,0
9639-BUJXT,0
5924-SNGKP,0
0021-IKXGC,2
2034-GDRCN,0
8966-SNIZF,0
6243-OZGFH,0
4654-DLAMQ,0
0513-RBGPE,0
5160-UXJED,0
4115-NZRKS,0
0219-YTZUE,0
0623-IIHUG,0
4572-DVCGN,0
3351-NGXYI,0
8984-EYLLL,0
9057-MSWCO,0
9833-TGFHX,0
9294-TDIPC,0
5229-DTFYB,0
0104-PPXDV,0
5176-LMJXE,0
3583-KRKMD,0
1010-DIAUQ,0
9069-LGEUL,0
7302-ZHMHP,0
9571-EDEBV,0
3520-FJGCV,0
6563-VRERX,0
0259-GBZSH,0
6122-EFVKN,0
2805-EDJPQ,0
6862-CQUMB,0
7156-MXBJE,0
6158-HDPXZ,0
9601-BRXPO,0
2863-IMQDR,1
5686-CMAWK,0
5651-CRHKQ,1
6905-NIQIN,2
8204-YJCLA,0
5167-ZFFMM,0
6583-SZVGP,0
4895-TMWIR,1
0533-BNWKF,1
1708-PBBOA,1
8782-LKFPK,0
5522-JBWMO,0
3597-MVHJT,0
9774-NRNAU,0
0224-RLWWD,1
9967-ATRFS,0
3951-NJCVI,0
2977-CEBSX,0
0177-PXBAT,1
6599-CEBNN,0
2519-ERQOJ,0
5876-QMYLD,0
2277-AXSDC,0
9442-JTWDL,1
0979-PHULV,0
3067-SVMTC,0
5495-GPSRW,0
7606-BPHHN,0
4742-DRORA,0
0111-KLBQG,0
4800-VHZKI,0
7989-CHGTL,0
0334-GDDSO,1
4163-NCJAK,0
5233-AOZUF,0
5973-EJGDP,1
1996-DBMUS,0
7916-VCCPB,0
4686-GEFRM,0
5249-QYHEX,0
0578-SKVMF,0
5564-NEMQO,0
2233-FAGXV,0
5605-IYGFG,0
7663-ZTEGJ,0
3935-TBRZZ,0
8111-BKVDS,0
2055-SIFSS,0
2806-MLNTI,0
8734-DKSTZ,0
4360-PNRQB,0
6152-ONASV,0
9063-ZGTUY,1
7781-HVGMK,0
2181-UAESM,0
2957-LOLHO,0
6048-NJXHX,0
2320-SLKMB,0
4980-URKXC,1
4376-KFVRS,0
5886-VLQVU,0
3577-AMVUX,0
0771-WLCLA,0
5628-RKIFK,0
0206-TBWLC,0
2937-FTHUR,0
1910-FMXJM,2
7752-XUSCI,0
4110-PFEUZ,1
0732-OCQOC,0
5168-MSWXT,0
1090-ESELR,0
8592-PLTMQ,0
5760-WRAHC,1
8847-GEOOQ,0
0256-LTHVJ,1
4785-FCIFB,1
8313-NDOIA,1
5149-CUZUJ,0
0942-KOWSM,0
4237-CLSMM,1
1452-VOQCH,0
4719-UMSIY,0
6614-VBEGU,1
0880-TKATG,0
3811-VBYBZ,1
1480-BKXGA,0
2996-XAUVF,0
9076-AXYIK,0
5968-XQIVE,0
8896-RAZCR,0
4640-UHDOS,0
4933-IKULF,0
3583-EKAPL,0
1304-BCCFO,0
4104-PVRPS,0
9399-APLBT,1
2359-KMGLI,0
3780-DDGSE,0
4431-EDMIQ,0
0306-JAELE,0
6227-HWPWX,0
0486-LGCCH,0
0447-BEMNG,0
4612-SSVHJ,0
5168-MQQCA,0
5949-XIKAE,0
7971-HLVXI,0
9094-AZPHK,0
3649-JPUGY,0
4472-LVYGI,0
8372-JUXUI,0
3552-CTCYF,0
6778-YSNIH,0
0388-EOPEX,0
5756-OZRIO,0
6579-JPICP,1
8205-OTCHB,0
4134-BSXLX,0
0505-SPOOW,0
6235-VDHOM,1
7783-YKGDV,0
4374-YMUSQ,0
4513-CXYIX,0
3957-HHLMR,1
7803-XOCCZ,0
5736-YEJAX,0
5609-CEBID,0
8981-FJGLA,0
7218-HKQFK,0
4636-QRJKY,0
1135-LMECX,0
4332-MUOEZ,0
8535-SFUTN,0
5956-VKDTT,1
8677-HDZEE,0
2475-MROZF,0
9412-GHEEC,0
3482-ABPKK,0
6705-LXORM,0
0257-ZESQC,0
7531-GQHME,0
5174-ITUMV,0
4109-CYRBD,0
0913-XWSCN,0
6825-UYPFK,0
8397-MVTAZ,0
0750-EBAIU,0
8606-CIQUL,0
3571-DPYUH,0
7601-GNDYK,0
0356-OBMAC,0
8067-NIOYM,0
1403-GYAFU,1
4234-XTNEA,1
1297-VQDRP,0
9282-IZGQK,0
5348-CAGXB,0
0621-HJWXJ,0
5844-QVTAT,0
8905-IAZPF,1
5394-MEITZ,1
6859-QNXIQ,2
2782-LFZVW,1
2866-IKBTM,0
1342-JPNKI,0
2817-NTQDO,0
7129-AZJDE,0
6986-IJDHX,0
2560-PPCHE,0
4676-MQUEA,0
8138-EALND,0
3580-HYCSP,0
1352-HNSAW,0
2075-PUEPR,0
1982-FEBTD,0
5301-GAUUY,0
5791-KAJFD,0
2654-VBVPB,0
1154-HYWWO,0
2501-XWWTZ,1
3716-UVSPD,0
6815-ABQFQ,0
7343-EOBEU,0
3701-SFMUH,0
6103-LIANB,0
7319-VENRZ,0
5846-NEQVZ,0
6967-QIQRV,1
5781-RFZRP,1
0939-YAPAF,1
0308-IVGOK,0
7293-LSCDV,0
7025-WCBNE,0
5756-JYOJT,0
4710-FDUIZ,0
6030-REHUX,0
9548-LIGTA,0
5150-LJNSR,0
8270-RKSAP,0
6522-YRBXD,0
2640-LYMOV,0
1218-VKFPE,0
3627-FHKBK,0
2865-TCHJW,1
1423-BMPBQ,0
2393-DIVAI,0
5192-EBGOV,0
4568-KNYWR,1
8752-IMQOS,0
0742-LAFQK,0
0795-LAFGP,1
0619-OLYUR,0
5512-IDZEI,0
0459-SPZHJ,0
0215-BQKGS,0
9244-ZVAPM,0
0719-SYFRB,0
8208-EUMTE,0
5172-MIGPM,0
1710-RCXUS,0
0374-FIUCA,0
5839-SUYVZ,0
5173-ZXXXL,0
1096-ADRUX,0
2001-MCUUW,0
2731-GJRDG,0
4723-BEGSG,0
6516-NKQBO,0
8672-OAUPW,1
8207-DMRVL,0
3419-SNJJD,2
6543-CPZMK,0
4765-OXPPD,0
2804-ETQDK,0
6689-VRRTK,0
7138-GIRSH,0
9396-ZSFLL,0
6464-KEXXH,2
7134-MJPDY,0
5240-CAOYT,0
4059-IIEBK,0
4881-JVQOD,0
0516-UXRMT,0
4851-BQDNX,0
5148-HKFIR,0
1009-IRMNA,0
3003-CMDUU,0
5016-IBERQ,0
6797-UCJHZ,1
2469-DTSGX,1
4554-YGZIH,0
5099-BAILX,0
9931-KGHOA,0
1775-KWJKQ,0
7665-VIGUD,1
9411-TPQQV,0
7207-RMRDB,0
7954-MLBUN,0
2077-DDHJK,1
4913-EHYUI,0
0195-IESCP,0
9574-BOSMD,0
4580-TMHJU,1
0970-ETWGE,0
4908-XAXAY,1
8404-VLQFB,0
1626-ERCMM,0
0887-HJGAR,0
2391-IPLOP,0
5644-PDMZC,0
3509-GWQGF,0
9576-ANLXO,0
2024-BASKD,0
5845-BZZIB,0
1140-UKVZG,0
4160-AMJTL,2
5183-SNMJQ,0
8100-PNJMH,0
7838-LAZFO,0
4464-JCOLN,0
2085-JVGAD,0
5650-VDUDS,1
8095-WANWK,0
3030-ZKIWL,0
9565-FLVCG,0
8755-OGKNA,0
2800-VEQXM,0
7538-GWHML,0
5533-RJFTJ,0
3859-CVCET,0
0214-JHPFW,0
5642-MHDQT,0
3088-FVYWK,1
3276-HDUEG,0
9092-GDZKO,0
0823-HSCDJ,0
3729-OWRVL,1
2324-AALNO,0
0822-GAVAP,0
5760-IFJOZ,0
2826-UWHIS,0
1448-PWKYE,0
7501-IWUNG,0
4957-TREIR,0
7251-LJBQN,0
8040-MNRTF,0
1536-HBSWP,2
5313-FPXWG,0
0067-DKWBL,0
0946-FKYTX,1
5076-YVXCM,0
8262-COGGB,0
6663-JOCQO,0
9620-QJREV,0
2276-YDAVZ,0
2682-KEVRP,1
2480-JZOSN,0
0078-XZMHT,0
5896-NPFWW,0
9978-HYCIN,0
8338-QIUNR,0
1525-LNLOJ,0
9450-TRJUU,0
1766-GKNMI,0
6942-LBFDP,0
1456-TWCGB,0
7133-VBDCG,0
7596-ZYWBB,0
8329-UTMVM,0
3014-WJKSM,0
3347-YJZZE,0
1029-QFBEN,0
7929-DMBCV,0
9661-JALZV,0
5433-KYGHE,0
4312-KFRXN,0
5575-TPIZQ,0
0114-IGABW,0
9944-AEXBM,0
1853-ARAAQ,2
6952-OMNWB,1
4697-LUPSU,0
8434-VGEQQ,0
4952-YSOGZ,0
1589-AGTLK,1
5244-IRFIH,0
6549-YMFAW,0
4950-HKQTE,0
6786-OBWQR,0
2684-EIWEO,0
2753-JMMCV,0
6439-GTPCA,1
6621-YOBKI,0
1216-JWVUX,2
7564-GHCVB,0
1173-NOEYG,0
7595-EHCDL,0
6647-ZEDXT,0
2521-NPUZR,0
1307-TVUFB,1
7503-MIOGA,0
4381-MHQDC,0
6923-JHPMP,0
5138-WVKYJ,1
4018-PPNDW,0
1635-FJFCC,0
2499-AJYUA,0
6919-ELBGL,1
3966-HRMZA,1
6425-JWTDV,0
8405-IGQFX,0
8224-IVVPA,0
9477-LGWQI,0
1410-RSCMR,0
3115-CZMZD,0
0139-IVFJG,0
6683-VLCTZ,0
5730-DBDSI,0
0030-FNXPP,0
2189-WWOEW,0
5684-FJVYR,0
4013-GUXND,0
1894-IGFSG,0
7379-POKDZ,0
1266-NZYUI,0
7969-FFOWG,1
4718-DHSMV,0
5175-WLYXL,0
7817-OMJNA,0
8728-SKJLR,0
3137-NYQQI,1
7706-DZNKK,0
0236-HFWSV,0
3900-AQPHZ,0
5842-POCOP,0
2037-XJFUP,0
8823-RLPWL,0
9505-SQFSW,0
7314-OXENN,0
3758-CKOQL,0
0322-CHQRU,0
5676-CFLYY,0
7521-AFHAB,0
0285-INHLN,0
4678-DVQEO,0
5125-CNDSP,0
0691-IFBQW,0
4992-LTJNE,0
2202-OUTMO,0
0810-BDHAW,0
0229-LFJAF,0
7131-ZQZNK,0
3442-ZHHCC,0
5726-CVNYA,0
9871-ELEYA,0
4257-GAESD,0
5173-WXOQV,0
2040-OBMLJ,0
6286-ZHAOK,0
3807-XHCJH,0
3009-JWMPU,0
5671-RQRLP,0
1450-GALXR,0
8859-AXJZP,2
3174-AKMAS,0
3138-BKYAV,0
9926-PJHDQ,1
7382-DFJTU,1
2798-NYLMZ,0
4289-DTDKW,0
1820-TQVEV,1
2239-JALAW,0
4853-RULSV,0
8098-TDCBU,0
3551-GAEGL,0
4785-NKHCX,0
3196-NVXLZ,0
6275-YDUVO,0
0036-IHMOT,0
0115-TFERT,0
4178-EGMON,1
4220-TINQT,0
5318-YKDPV,0
7975-TZMLR,0
0295-QVKPB,0
4335-BSMJS,0
2311-QYMUQ,0
3643-AHCFP,0
9146-JRIOX,0
3104-OWCGK,0
5337-IIWKZ,0
9101-BWFSS,0
9650-VBUOG,1
3487-EARAT,0
2672-TGEFF,1
9231-ZJYAM,0
4250-WAROZ,0
8184-WMOFI,0
6982-SSHFK,0
6092-QZVPP,0
4625-LAMOB,0
0727-BMPLR,0
0392-BZIUW,0
1038-ZAGBI,0
6549-NNDYT,0
3027-ZTDHO,0
0422-OHQHQ,0
6916-HIJSE,0
2316-ESMLS,0
9778-OGKQZ,1
7408-OFWXJ,0
6007-TCTST,0
2252-NKNSI,1
8713-IGZSO,0
7905-TVXTA,1
7695-PKLCZ,0
2382-BCKQJ,0
8374-UULRV,0
2207-NHRJK,0
3224-DFQNQ,0
5275-PMFUT,0
4795-UXVCJ,0
9777-IQHWP,2
0947-MUGVO,2
9944-HKVVB,0
4124-MMETB,0
3671-SHRSP,0
0979-MOZQI,0
2732-ISEZX,1
3313-QKNKB,1
0323-XWWTN,0
1937-OTUKY,0
1573-LGXBA,0
1764-VUUMT,0
5073-WXOYN,0
4713-ZBURT,0
3050-GBUSH,0
0207-MDKNV,0
7876-AEHIG,2
7945-HLKEA,0
9342-VNIMQ,0
9851-KIELU,0
3523-BRGUW,0
3908-BLSYF,0
3199-NPKCN,0
5170-PTRKA,0
4661-NJEUX,0
2123-AGEEN,0
1258-YMZNM,0
0048-LUMLS,0
7549-MYGPK,0
5898-IGSLP,0
3804-RVTGV,0
6259-WJQLC,0
9227-LUNBG,0
7997-EASSD,0
0730-KOAVE,0
8975-SKGRX,1
0678-RLHVP,1
4315-MURBD,0
2267-FPIMA,0
1051-GEJLJ,0
9734-YWGEX,0
2719-BDAQO,0
5285-MVEHD,1
0379-DJQHR,0
0781-LKXBR,0
5543-QDCRY,0
0297-RBCSG,1
4694-PHWFW,0
0835-JKADZ,1
1907-UBQFC,0
7508-SMHXL,0
3865-YIOTT,0
5993-BQHEA,0
6024-RUGGH,0
6513-EECDB,0
3956-CJUST,0
4079-WWQQQ,0
6103-BOCOU,0
5149-TGWDZ,0
7471-WNSUF,0
8942-DBMHZ,0
4301-VVZKA,0
9199-PWQVC,0
4824-GUCBY,0
5393-HJZSM,0
7074-IEVOJ,0
9625-QSTYE,0
0862-PRCBS,0
8812-ZRHFP,0
5146-CBVOE,0
0454-OKRCT,0
5787-KXGIY,0
4750-ZRXIU,0
4198-VFOEA,0
6630-UJZMY,0
5709-LVOEQ,0
6400-BWQKW,1
2692-AQCPF,0
0347-UBKUZ,0
0835-DUUIQ,0
0811-GSDTP,0
7567-ECMCM,1
6115-ZTBFQ,0
6353-BRMMA,0
6680-WKXRZ,1
6231-WFGFH,0
9904-EHEVJ,0
7028-DVOIQ,0
6169-PPETC,0
4208-UFFGW,0
8584-KMVXD,0
8467-WYNSR,0
0851-DFJKB,0
5382-SOYZL,0
9448-REEVD,0
3261-CQXOL,1
8388-FYNPZ,0
4002-BQWPQ,0
5651-YLPRD,0
2826-DXLQO,1
4378-BZYFP,0
9489-UTFKA,0
4849-PYRLQ,0
9117-SHLZX,1
9889-TMAHG,0
4541-RMRLG,0
7764-BDPEE,0
3429-IFLEM,0
3158-MOERK,0
7294-TMAOP,1
5002-GCQFH,0
0556-FJEGU,0
8919-FYFQZ,0
0604-THJFP,0
2834-JRTUA,0
5875-YPQFJ,0
5879-SESNB,0
6646-QVXLR,1
6461-PPAXN,0
3318-ISQFQ,0
1106-HRLKZ,0
2483-XSSMZ,0
8603-IJWDN,0
8165-ZJRNM,0
9369-XFEHK,0
2604-XVDAM,0
3717-OFRTN,0
9046-JBFWA,0
3280-NMUVX,1
1206-EHBDD,0
8361-LBRDI,1
4883-KCPZJ,1
9108-EQPNQ,0
7277-KAMWT,0
3842-IYKUE,0
6641-XRPSU,0
1374-DMZUI,0
2545-LXYVJ,0
3234-VKACU,1
8357-EQXFO,0
1989-PRJHP,0
8120-JDCAM,0
8917-FAEMR,0
7047-YXDMZ,1
2858-EIMXH,0
9524-EGPJC,0
6993-OHLXR,1
8818-XYFCQ,0
6419-ZTTLE,1
0929-HYQEW,1
6614-YOLAC,0
7426-RHZGU,0
4065-JJAVA,0
4695-VADHF,0
3863-IUBJR,1
7649-SIJJF,0
9361-YNQWJ,0
3748-FVMZZ,0
9391-TTOYH,0
1452-XRSJV,0
3422-WJOYD,0
8242-SOQUO,0
7460-ITWWP,0
7147-AYBAA,0
7868-TMWMZ,0
4822-RVYBB,0
6732-FZUGP,0
8436-BJUMM,0
4184-TJFAN,0
8329-GWVPJ,0
1352-VHKAJ,0
4145-UQXUQ,0
2632-TACXW,0
8146-QQKZH,0
1767-CJKBA,0
6445-TNRXS,0
4581-LNWUM,1
4869-EPIUS,0
9948-YPTDG,0
1236-WFCDV,0
1915-OAKWD,0
7296-PIXQY,0
4883-QICIH,0
3354-OADJP,0
3524-WQDSG,0
0810-DHDBD,0
4026-SKKHW,0
2829-HYVZP,0
8329-IBCTI,0
1271-SJBGZ,1
3845-JHAMY,0
7013-PSXHK,0
5669-SRAIP,0
5981-ITEMU,0
3486-NPGST,0
6941-PMGEP,1
1624-WOIWJ,1
2074-GKOWZ,0
0376-YMCJC,0
6100-FJZDG,0
4829-ZLJTK,0
1730-VFMWO,0
7143-BQIBA,0
3800-LYTRK,0
0634-SZPQA,1
9646-NMHXE,0
7030-NJVDP,0
5536-RTPWK,0
8883-GRDWQ,0
6166-ILMNY,1
3097-NNSPB,0
7771-ZONAT,1
0655-RBDUG,0
2111-DWYHN,0
4194-WHFCB,0
4121-AGSIN,0
4361-BKAXE,0
9845-PEEKO,1
0455-XFASS,1
0301-KOBTQ,0
1751-NCDLI,1
4367-NUYAO,1
9878-TNQGW,0
9170-ARBTB,0
4441-NIHPT,0
8999-BOHSE,0
7241-AJHFS,0
7029-RPUAV,1
4546-FOKWR,0
9036-CSKBW,0
5832-TRLPB,0
8590-YFFQO,0
8659-IOOPU,0
1338-CECEE,0
7439-DKZTW,0
4646-QZXTF,0
4607-CHPCA,1
9742-XOKTS,0
6921-OZMFH,1
9578-FOMUK,1
4712-UYOOI,1
8824-RWFXJ,0
7722-CVFXN,0
8717-VCTXJ,0
7363-QTBIW,0
4159-NAAIX,0
0971-QIFJK,0
9397-TZSHA,0
3391-JSQEW,0
0343-QLUZP,0
9763-PDTKK,0
2176-LVPNX,0
7627-JKIAZ,0
3312-UUMZW,0
1271-UODNO,0
8461-EFQYM,0
6900-RBKER,0
6891-JPYFF,1
1459-QNFQT,2
1047-NNCBF,0
3696-XRIEN,1
4081-DYXAV,0
0074-HDKDG,0
8791-GFXLZ,0
8111-SLLHI,1
0927-LCSMG,0
9330-DHBFL,0
0098-BOWSO,0
3452-ABWRL,0
5859-HZYLF,0
8257-RZAHR,0
5293-WXJAK,0
3156-QLHBO,0
2208-NQBCT,0
1779-PWPMG,0
6621-NRZAK,1
0831-JNISG,0
0774-IFUVM,0
3082-WQRVY,0
9553-DLCLU,0
1641-BYBTK,0
2460-NGXBJ,0
2446-ZKVAF,0
0841-NULXI,0
3522-CDKHF,0
1430-SFQSA,0
0411-EZJZE,1
7851-WZEKY,0
8844-TONUD,0
8807-ARQET,0
8992-CEUEN,0
4320-QMLLA,2
8777-PVYGU,0
8292-ITGYJ,0
6870-ZWMNX,0
0621-CXBKL,1
5268-DSMNQ,0
5334-JLAXU,0
4086-YQSNZ,0
6242-MBHPK,0
5868-CZJDR,0
9359-UGBTK,0
0135-NMXAP,0
4782-OSFXZ,0
6479-OAUSD,2
7129-ACFOG,0
4189-NAKJS,0
5562-BETPV,0
1282-IHQAC,0
9127-FHJBZ,0
6270-OMFIW,0
1641-RQDAY,0
0107-WESLM,0
6994-ORCWG,0
1346-UFHAX,0
3992-YWPKO,0
2933-XEUJM,0
0125-LZQXK,0
5461-QKNTN,0
4835-YSJMR,0
8399-YNDCH,0
3164-YAXFY,0
0887-WBJVH,0
4660-IRIBM,0
5673-FSSMF,0
7670-ZBPOQ,0
8089-UZWLX,0
0080-OROZO,0
3916-NRPAP,0
6807-SIWJI,0
8221-HVAYI,0
1579-KLYDT,0
5232-NXPAY,0
8967-SZQAS,0
4468-KAZHE,0
0455-ENTCR,2
8944-AILEF,0
5542-NKVRU,0
7126-RBHSD,0
5370-IIVVL,1
6789-HJBWG,0
3927-NLNRY,1
9087-EYCPR,0
6791-YBNAK,0
6358-LYNGM,1
6077-BDPXA,0
0013-MHZWF,0
5494-HECPR,0
8268-YDIXR,0
9824-BEMCV,0
1373-ORVIZ,1
4291-SHSBH,0
6980-IMXXE,0
9866-QEVEE,0
9897-KXHCM,0
0040-HALCW,0
0784-GTUUK,0
7979-CORPM,0
2294-DMMUS,1
0872-JCPIB,0
3055-MJDSB,1
9091-WTUUY,0
1618-CFHME,0
3165-HDOEW,1
6581-NQCBA,0
7115-IRDHS,0
8496-DMZUK,0
2040-VZIKE,0
9068-VPWQQ,0
0178-SZBHO,0
0384-RVBPI,0
1689-MRZQR,0
1299-AURJA,0
4525-VZCZG,0
1543-LLLFT,0
5835-BEQEU,0
2788-CJQAQ,1
5565-FILXA,0
0319-QZTCO,1
2120-SMPEX,0
0096-FCPUF,0
0668-OGMHD,0
5552-ZNFSJ,0
2223-KAGMX,1
6507-ZJSUR,1
9408-HRXRK,0
5593-SUAOO,0
7321-PKUYW,0
2833-SLKDQ,1
6766-HFKLA,0
7595-EUIVN,0
7617-EYGLW,0
2026-TGDHM,0
9220-ZNKJI,0
4030-VPZBD,0
2226-ICFDO,1
0723-VSOBE,0
5529-GIBVH,0
4187-CINZD,0
9992-UJOEL,0
4741-WWJQZ,0
6625-UTXEW,0
6818-WOBHJ,0
6244-BESBM,0
1004-NOZNR,0
1251-STYSZ,0
2612-PHGOX,0
2408-TZMJL,0
8480-PPONV,0
8780-IHCRN,0
4598-ZADCK,0
1257-SXUXQ,0
9681-KYGYB,0
7182-OVLBJ,0
5095-ETBRJ,0
7005-CYUIL,0
4821-WQOYN,1
4730-AWNAU,0
3452-FLHYD,0
2388-LAESQ,0
9531-NSBMR,0
6260-ONULR,0
4389-UEFCZ,1
8711-LOBKY,0
9134-CEQMF,0
8985-OOPOS,1
8800-ZKRFW,1
2616-FLVQC,0
9968-FFVVH,0
3108-PCCGG,0
7993-PYKOF,0
8390-FESFV,0
3022-BEXHZ,0
5027-XWQHA,1
6248-TKCQV,0
6729-GDNGC,0
6198-ZFIOJ,0
5989-OMNJE,0
4566-QVRRW,0
1291-CUOCY,0
9795-SHUHB,0
3230-IUALN,0
0042-RLHYP,0
8519-IMDHU,1
4945-RVMTE,1
0201-OAMXR,0
1866-NXPSP,1
3372-KWFBM,0
7831-QGOXH,0
6393-WRYZE,0
3941-XTSKM,0
1661-CZBAU,0
6599-RCLCJ,0
9831-BPFRI,0
5158-RIVOP,0
9788-YTFGE,1
9277-JOOMO,0
1907-YLNYW,1
1725-MIMXW,0
8947-YRTDV,0
3161-ONRWK,0
0114-RSRRW,0
4565-NLZBV,1
0031-PVLZI,0
7206-GZCDC,0
6682-VCIXC,0
4791-QRGMF,1
6475-VHUIZ,0
3910-MRQOY,0
0661-WCQNQ,0
7537-RBWEA,0
4656-CAURT,0
0121-SNYRK,0
1768-ZAIFU,0
4671-LXRDQ,0
3733-LSYCE,0
6265-FRMTQ,0
1934-SJVJK,0
3838-OZURD,1
1371-DWPAZ,0
9269-CQOOL,0
2017-CCBLH,1
7690-KPNCU,1
0536-BGFMZ,0
2293-IJWPS,0
2845-HSJCY,0
5469-NUJUR,0
1184-PJVDB,0
2625-TRCZQ,0
4102-HLENU,2
7266-GSSJX,0
7722-VJRQD,0
7073-QETQY,0
9415-DPEWS,0
5624-RYAMH,0
0196-JTUQI,0
7130-YXBRO,0
9272-LSVYH,0
7943-RQCHR,1
3793-MMFUH,1
3249-ZPQRG,0
2568-BRGYX,0
3084-DOWLE,0
1084-MNSMJ,0
7721-JXEAW,0
7249-WBIYX,0
4238-HFHSN,0
6250-CGGUN,0
5478-JJVZK,1
7596-IIWYC,0
6567-HOOPW,0
9793-WECQC,0
4291-HPAXL,0
8999-YPYBV,0
1839-FBNFR,0
3164-AALRN,0
3071-MVJCD,0
1697-BCSHV,0
0562-KBDVM,0
1131-SUEKT,0
3717-OEAUQ,1
4538-WNTMJ,0
3334-CTHOL,0
4704-ERYFC,0
9432-RUVSL,0
8060-HIWJJ,1
7684-XSZIY,0
9089-UOWJG,0
8621-MNIHH,0
8039-ACLPL,0
9885-AIBVB,0
1934-MKPXS,0
2592-YKDIF,1
2272-JKMSI,0
0471-LVHGK,0
9518-RWHZL,0
8714-CTZJW,0
3569-EDBPQ,1
3131-NWVFJ,0
7521-YXVZY,0
5419-CONWX,0
6240-EURKS,0
2373-NTKOD,1
1970-KKFWL,0
6960-HVYXR,0
9337-SRRNI,0
0895-UADGO,0
5678-VFNEQ,0
5977-CKHON,0
7024-OHCCK,0
2692-BUCFV,0
7861-UVUFT,0
1830-GGFNM,0
5302-BDJNT,0
5223-UZAVK,0
4859-ZSRDZ,0
5651-WYIPH,0
9350-VLHMB,0
3498-LZGQZ,1
8785-CJSHH,1
5357-TZHPP,0
3870-SPZSI,0
0680-DFNNY,0
7560-QRBXH,0
7077-XJMET,0
8752-GHJFU,1
6896-SRVYQ,0
7767-UXAGJ,0
4652-ODEVH,0
6510-UPNKS,0
6718-BDGHG,0
9046-DQMTP,0
6439-LAJXL,0
1571-SAVHK,0
9052-VKDUW,0
9546-CQJSU,0
1666-JZPZT,0
5777-KJIRB,0
0506-LVNGN,0
7677-SJJJK,0
2480-EJWYP,0
3253-HKOKL,1
7055-HNEOJ,0
5514-YQENT,1
3211-AAPKX,0
8445-DNBAE,0
2951-QOQTK,0
2958-NHPPS,0
6806-YDEUL,0
1735-XMJVH,0
6890-PFRQX,1
0222-CNVPT,0
5899-OUVKV,0
8681-ICONS,0
1621-YNCJH,0
3473-XIIIT,0
6362-QHAFM,1
7893-IXHRQ,0
3070-BDOQC,0
2952-QAYZF,1
6234-PFPXL,0
9824-QCJPK,0
4763-PGDPO,0
4283-IVYCI,0
1866-OBPNR,0
8205-MQUGY,0
8970-ANWXO,0
9480-BQJEI,0
5394-SVGJV,0
6979-TNDEU,0
9777-WJJPR,0
9283-LZQOH,0
7079-QRCBC,1
9495-SKLKD,1
6048-UWKAL,0
5067-DGXLL,0
5469-CTCWN,0
9851-QXEEQ,0
6281-FKEWS,0
8898-KASCD,0
9242-TKFSV,0
9290-SHCMB,0
0743-HNPFG,0
2277-BKJKN,0
9809-IMGCQ,0
5208-HFSBT,0
5035-PGZXH,0
8695-WDYEA,0
6543-JXSOO,0
8016-ZMGMO,0
8605-ITULD,1
3254-YRILK,0
6416-YJTTB,0
2667-WYLWJ,0
4472-VESGY,1
3195-TQDZX,0
3128-YOVTD,0
0529-ONKER,0
1728-CXQBE,0
7041-TXQJH,0
5014-GSOUQ,0
5724-BIDBU,1
0481-SUMCB,0
1769-GRUIK,0
5240-IJOQT,0
8819-WFGGJ,0
7427-AUFPY,0
2811-POVEX,0
1092-GANHU,0
7898-PDWQE,1
9972-EWRJS,1
9314-IJWSQ,1
0661-XEYAN,0
5799-JRCZO,0
1921-KYSAY,0
6198-RTPMF,0
2924-KHUVI,0
1925-GMVBW,0
7881-EVUAD,0
6184-DYUOB,0
9207-ZPANB,0
5766-XQXMQ,0
9327-QSDED,0
1656-DRSMG,0
3012-VFFMN,0
2984-AFWNC,1
0640-YJTPY,0
8096-LOIST,2
9764-REAFF,0
3703-VAVCL,1
7107-UBYKY,0
4881-GQJTW,0
8519-QJGJD,0
7876-DNYAP,0
7905-NJMXS,0
2882-WDTBA,0
2091-GPPIQ,0
6326-MTTXK,0
5071-FBJFS,0
2796-UUZZO,0
2429-AYKKO,1
9798-OPFEM,1
0330-IVZHA,1
3794-NFNCH,0
5193-QLVZB,0
7114-AEOZE,0
2886-KEFUM,0
5522-NYKPB,0
4237-RLAQD,0
9957-YODKZ,0
6518-KZXCB,0
2245-ADZFJ,0
7776-QGYJC,0
9313-QOLTZ,1
9651-GTSAQ,0
3186-BAXNB,0
4672-FOTSD,0
0637-YLETY,0
9818-XQCUV,0
7338-ERIVA,0
1157-BQCUW,0
8259-NFJTV,0
3223-DWFIO,0
2660-EMUBI,0
6968-GMKPR,0
4751-ERMAN,0
1436-ZMJAN,0
3292-PBZEJ,0
0799-DDIHE,1
3070-FNFZQ,0
2812-SFXMJ,0
7675-OZCZG,0
5014-WUQMG,0
5312-TSZVC,0
2003-CKLOR,0
0993-OSGPT,0
9254-RBFON,0
1205-WNWPJ,1
9391-EOYLI,0
7108-DGVUU,0
2782-JEEBU,0
5127-BZENZ,0
2720-FVBQP,0
9906-NHHVC,0
4522-XRWWI,0
3766-EJLFL,0
5939-SXWHM,0
8152-UOBNY,1
7351-KYHQH,0
7643-RCHXS,0
8246-SHFGA,0
8387-MOJJT,1
0620-XEFWH,0
6485-QXWWE,0
2761-OCIAX,1
7321-VGNKU,0
5327-CNLUQ,0
7552-KEYGT,0
5816-JMLGY,0
3068-OMWZA,0
2927-QRRQV,0
6032-KRXXO,0
7459-RRWQZ,0
6265-SXWBU,0
7941-RCJOW,1
6374-NTQLP,0
4154-AQUGT,0
2387-KDZQY,0
3584-WKTTW,0
3399-BMLVW,0
1971-DTCZB,0
3092-IGHWF,0
3374-PZLXD,0
3813-DHBBB,0
2812-REYAT,0
6518-PPLMZ,0
4939-KYYPY,2
8017-LXHFA,1
5930-GBIWP,0
6022-KOUQO,1
6352-TWCAU,0
2361-UPSND,0
6035-RIIOM,1
2929-QNSRW,0
1262-OPMFY,0
9504-DSHWM,0
5035-BVCXS,0
6267-DCFFZ,0
3533-UVMOM,0
2439-LYPMQ,0
4248-QPAVC,0
1899-VXWXM,0
1478-VPOAD,0
9995-HOTOH,0
2988-PLAHS,1
1371-OJCEK,0
4999-IEZLT,0
8883-ANODQ,0
4690-LLKUA,0
2351-RRBUE,1
5980-BDHPY,0
1498-DQNRX,1
9469-WEJBT,0
3331-HQDTW,0
9490-DFPMD,0
2581-VKIRT,1
5442-XSDCW,0
7426-WEIJX,0
2851-MMUTZ,0
3049-NDXFL,0
8580-AECUZ,0
3307-TLCUD,0
6625-FLENO,0
2967-MXRAV,0
7963-GQRMY,0
8189-HBVRW,0
4163-KIUHY,0
1228-FZFRV,0
3500-NSDOA,0
1171-TYKUR,0
3761-FLYZI,0
2058-DCJBE,0
5364-XYIRR,0
4829-AUOAX,0
1219-NNDDO,0
8388-DMKAE,1
4403-BWPAY,2
9659-QEQSY,0
5405-ZMYXQ,0
5047-LHVLY,0
1442-OKRJE,0
4737-AQCPU,0
9158-VCTQB,1
2808-CHTDM,2
6311-UEUME,0
0793-TWELN,1
3283-WCWXT,0
1060-ENTOF,0
0999-QXNSA,0
5451-MHQOF,0
4836-WNFNO,0
9225-BZLNZ,0
0354-VXMJC,1
4422-QVIJA,0
9365-SRSZE,0
6839-ITVZJ,0
8332-OSJDW,0
4735-BJKOU,1
0274-JKUJR,0
5740-YHGTW,0
8917-SZTTJ,0
1696-MZVAU,0
7359-WWYJV,0
0375-HVGXO,2
4906-ZHGPK,0
8593-WHYHV,0
3795-GWTRD,0
1298-PHBTI,0
6223-DHJGV,1
6961-MJKBO,0
6097-EQISJ,0
4423-YLHDV,0
8158-WPEZG,0
0107-YHINA,0
4918-FYJNT,1
0727-BNRLG,1
4854-CIDCF,0
8640-SDGKB,1
3280-MRDOF,0
6435-SRWBJ,0
9964-WBQDJ,0
6303-KFWSL,0
1702-CCFNJ,0
8932-CZHRQ,0
0386-CWRGM,0
5515-RUGKN,1
0404-AHASP,0
7279-NMVJC,0
2081-VEYEH,0
6407-UTSLV,0
4116-TZAQJ,0
9060-HJJRW,1
2587-YNLES,0
7398-SKNQZ,0
5935-FCCNB,0
1958-RNRKS,0
5136-RGMZO,0
8345-MVDYC,1
8226-BXGES,0
3877-JRJIP,0
8375-DKEBR,0
9705-IOVQQ,0
1015-OWJKI,0
7511-YMXVQ,0
2040-XBAVJ,0
7551-JOHTI,0
8887-IPQNC,0
8646-JCOMS,0
9804-ICWBG,0
1222-KJNZD,0
0106-GHRQR,0
5318-IXUZF,0
3768-VHXQO,1
8952-WCVCD,1
2418-TPEUN,0
3963-RYFNS,0
3198-VELRD,0
8540-ZQGEA,0
1320-REHCS,0
4137-JOPHL,1
9436-ZBZCT,1
7801-CEDNV,2
2057-BOYKM,0
3658-QQJYD,0
1803-BGNBD,0
0134-XWXCE,0
6950-TWMYB,1
5848-FHRFC,0
2243-FNMMI,0
2511-MORQY,0
5356-KZCKT,0
9470-XCCEM,0
6519-CFDBX,0
3902-MIVLE,0
0409-WTMPL,0
8763-KIAFH,1
3669-WHAFY,0
3055-VTCGS,0
3144-KMTWZ,1
7279-BUYWN,0
7156-MHUGY,1
7198-GLXTC,0
2007-QVGAW,2
5207-PLSTK,0
2307-FYNNL,0
5605-XNWEN,0
2155-AMQRX,2
6181-AXXYF,0
5091-HFAZW,0
0516-VRYBW,0
2519-LBNQL,0
8623-ULFNQ,0
8380-PEFPE,0
5687-DKDTV,0
1568-LJSZU,0
7530-HDYDS,1
7789-HKSBS,1
7416-CKTEP,0
2586-CWXVV,0
3096-IZETN,0
2348-KCJLT,0
8401-EMUWF,0
4193-IBKSW,0
5377-NDTOU,0
5922-ABDVO,0
2474-LCNUE,0
0839-QNXME,0
3506-OVLKD,0
9172-ANCRX,0
6650-VJONK,1
2178-PMGCJ,1
7492-TAFJD,1
2773-MADBQ,0
6016-LVTJQ,0
7860-KSUGX,0
8966-KZXXA,0
6910-HADCM,1
4816-LXZYW,0
9606-PBKBQ,0
5149-QYTTU,0
2070-XYMFH,0
2085-BOJKI,0
0817-HSUSE,0
5442-PPTJY,0
1927-QEWMY,0
1663-MHLHE,0
5663-QBGIS,0
4450-MDZFX,1
6701-DHKWQ,0
7554-AKDQF,1
3536-IQCTX,1
4911-BANWH,0
8496-EJAUI,0
0794-YVSGE,1
5423-BHIXO,0
6908-VVYHM,0
2959-EEXWB,0
1839-UMACK,0
3030-YDNRM,0
7321-KKSDU,0
3402-XRIUO,0
3132-TVFDZ,0
8286-AFUYI,0
8080-DDEMJ,0
8356-WUAOJ,0
6365-MTGZX,0
1349-WXNGG,0
8058-DMYRU,0
9350-ZXYJC,0
6990-YNRIO,0
8958-JPTRR,1
6959-GQEGV,0
3173-WSSUE,0
1265-HVPZB,0
4115-UMJFQ,0
7369-TRPFD,0
1098-KFQEC,1
7190-XHTWJ,0
0621-TWIEM,0
3537-RYBHH,1
2485-ITVKB,0
3669-OYSJI,0
1612-EOHDH,0
6702-OHFWR,0
5296-BFCYD,0
4510-PYUSH,0
9359-JANWS,0
7517-SAWMO,0
4143-HHPMK,1
3279-DYZQM,0
7054-LGEQW,0
0523-VNGTF,0
9575-IWCAZ,0
7105-MXJLL,1
7064-FRRSW,0
7940-UQQUG,1
0923-PNFUB,0
3961-SXAXY,0
7010-BRBUU,0
3566-HJGPK,0
3062-ICYZQ,2
9938-PRCVK,0
0973-KYVNF,0
5129-HHMZC,0
9637-CDTKZ,0
3946-JEWRQ,0
7873-CVMAW,1
0463-WZZKO,1
3494-JCHRQ,0
6474-FVJLC,0
4524-QCSSM,0
5832-EXGTT,0
8840-DQLGN,0
2039-JONDJ,0
7217-JYHOQ,0
6695-FRVEC,1
4547-LYTDD,0
9894-QMIMJ,0
8069-YQQAJ,0
6770-XUAGN,0
4193-ORFCL,0
1636-NTNCO,1
3466-WAESX,0
9281-PKKZE,0
3638-VBZTA,0
7459-IMVYU,0
7776-QWNFX,0
6689-TCZHQ,0
8563-OYMQY,0
0754-EEBDC,0
5777-ZPQNC,0
1951-IEYXM,0
3318-NMQXL,0
3143-ILDAL,0
1022-RKXDR,0
2361-FJWNO,0
2272-UOINI,1
8232-UTFOZ,1
3750-YHRYO,1
6637-KYRCV,0
5668-MEISB,1
0129-QMPDR,0
7188-CBBBA,0
5356-CSVSQ,0
3221-CJMSG,0
4720-VSTSI,0
3219-JQRSL,1
2801-NISEI,0
3946-MHCZW,0
4623-ZKHLY,0
6732-VAILE,0
8201-AAXCB,0
7696-CFTAT,0
1845-CSBRZ,0
2123-VSCOT,0
6651-AZVTJ,0
4566-GOLUK,0
2484-DGXPZ,0
2018-QKYGT,1
2792-VPPET,0
7409-JURKQ,0
3247-MHJKM,1
1964-SVLEA,1
4587-NUKOX,2
7297-DVYGA,0
2239-CGBUZ,0
0854-UYHZD,1
7243-LCGGZ,0
8267-KFGYD,0
4890-VMUAV,0
9261-WDCAF,1
3764-MNMOI,0
7442-YGZFK,0
0420-BWTPW,0
8229-BUJHX,0
7449-HVPIV,0
5504-WSIUR,0
8183-ONMXC,1
8466-PZBLH,1
9614-RMGHA,0
8735-IJJEG,0
0564-MUUQK,0
5054-IEXZT,0
5834-ASPWA,1
0701-RFGFI,2
0019-EFAEP,0
5619-PTMIK,0
3737-XBQDD,0
5882-CMAZQ,0
5846-QFDFI,0
4445-KWOKW,1
3511-APPBJ,0
7967-HYCDE,0
2430-RRYUW,0
3948-XHGNA,0
3723-BFBGR,0
0565-IYCGT,0
5447-WZAFP,0
5110-CHOPY,0
5445-UTODQ,0
4425-OWHWB,0
7892-QVYKW,1
9675-ICXCT,0
1024-VRZHF,0
4703-MQYKT,0
9497-QCMMS,0
5692-ICXLW,0
0602-DDUML,1
2208-MPXIO,0
1960-UYCNN,0
0348-SDKOL,1
3190-FZATL,0
7336-RLLRH,0
4373-MAVJG,0
8901-HJXTF,1
7710-JSYOA,0
5419-KLXBN,0
3424-NMNBO,0
9885-MFVSU,0
4514-GFCFI,0
0607-MVMGC,0
3365-SAIGS,0
9828-AOQLM,1
8022-BECSI,0
8000-REIQB,0
9993-LHIEB,0
0266-CLZKZ,2
7615-ESMYF,0
3858-VOBET,0
7020-OZKXZ,0
3977-QCRSL,0
0017-DINOC,0
1447-PJGGA,0
8565-CLBZW,0
9139-WQQDY,0
0224-HJAPT,0
8086-OVPWV,0
9430-FRQOC,0
7639-OPLNG,0
3074-GQWYX,0
1492-QGCLU,0
6845-RGTYS,0
7328-OWMOM,0
4418-LZMSV,0
5155-AZQPB,0
8861-HGGKB,0
1087-GRUYI,1
7065-YUNRY,0
7694-VLBWQ,1
2546-KZAAT,0
0181-RITDD,0
5989-PGKJB,0
4795-KTRTH,0
8272-ONJLV,0
1488-PBLJN,0
0308-GIQJT,0
3778-FOAQW,1
4452-ROHMO,0
6481-OGDOO,0
3090-LETTY,0
5349-AZPEW,0
3753-TSEMP,0
8305-VHZBZ,1
9720-JJJOR,0
8100-HZZLJ,0
8775-ERLNB,0
8309-IEYJD,0
9172-JITSM,0
6298-QDFNH,1
7398-HPYZQ,0
3546-GHEAE,0
7361-YPXFS,1
6557-BZXLQ,0
2550-QHZGP,0
7519-JTWQH,0
2538-OIMXF,0
8543-MSDMF,0
9961-JBNMK,0
1170-SASML,0
4872-JCVCA,0
5346-BZCHP,0
2038-LLMLM,0
6173-ITPWD,0
9734-UYXQI,0
1216-BGTSP,1
4138-NAXED,0
2189-UXTKY,0
0744-BIKKF,0
7483-IQWIB,0
5248-KWLAR,0
4958-GZWIY,0
7996-MHXLW,0
7833-PKIHD,0
7061-OVMIM,0
5153-RTHKF,0
1852-QSWCD,1
4832-VRBMR,0
9079-LWTFD,0
6356-ELRKD,1
8624-GIOUT,0
3392-EHMNK,0
5986-WWXDV,0
3061-BCKYI,0
6179-GJPSO,0
7901-TBKJX,0
7228-PAQPD,1
3177-LASXD,0
7746-QYVCO,0
5804-HYIEZ,0
9919-FZDED,0
5934-TSSAU,0
3486-KHMLI,0
4897-QSUYC,0
1084-UQCHV,0
8290-YWKHZ,0
2955-BJZHG,0
3806-DXQOM,0
6784-XYJAE,0
3933-DQPWX,1
6661-EIPZC,0
8957-THMOA,0
2251-PYLPB,0
5555-RNPGT,0
1057-FOGLZ,0
9300-RENDD,0
0761-AETCS,0
8087-LGYHQ,0
4137-BTIKL,0
2190-BCXEC,0
6227-FBDXH,0
2153-MREFK,0
2911-WDXMV,0
7206-PQBBZ,0
3106-ULWFW,0
0925-VYDLG,0
4547-FZJWE,0
7422-WNBTY,0
0842-IWYCP,0
3521-HTQTV,0
3744-ZBHON,0
3373-DIUUN,0
8383-SGHJU,0
7607-QKKTJ,0
7707-PYBBH,0
8984-HPEMB,1
4349-GFQHK,0
4139-DETXS,0
9779-DPNEJ,0
9805-FILKB,0
5793-YOLJN,0
0673-IGUQO,0
4123-FCVCB,0
8819-IMISP,0
7802-EFKNY,2
8311-UEUAB,0
5858-EAFCZ,1
8035-BUYVG,1
1163-ONYEY,0
9787-XVQIU,0
8945-MUQUF,1
5656-MJEFC,0
6082-OQFBA,1
8051-HJRLT,0
8974-OVACP,0
4010-YLMVT,0
1379-FRVEB,1
8612-GXIDD,0
6288-CHQJB,0
8160-HOWOX,0
3023-GFLBR,0
6648-INWPS,0
4223-BKEOR,0
4079-VTGLK,0
1763-WQFUK,0
1391-UBDAR,0
8894-JVDCV,0
2023-VQFDL,0
1345-GKDZZ,0
2014-MKGMH,0
5628-FCGYG,0
2560-WBWXF,0
0248-IPDFW,0
7978-DKUQH,0
4335-UPJSI,0
0524-IAVZO,0
2737-YNGYW,0
1784-EZDKJ,0
9297-FVVDH,0
8007-YYPWD,0
7101-HRBLJ,0
5159-YFPKQ,0
6635-CPNUN,0
4021-RQSNY,1
5453-YBTWV,0
5039-LZRQT,0
2931-VUVJN,0
9061-TIHDA,0
8699-ASUFO,0
6418-PIQSP,0
8220-OCUFY,0
3995-WFCSM,1
1895-QTKDO,0
2038-OEQZH,0
1178-PZGAB,0
7927-AUXBZ,0
2626-VEEWG,0
2878-RMWXY,0
1657-DYMBM,0
7311-MQJCH,0
7375-WMVMT,0
1136-XGEQU,0
2530-FMFXO,0
6844-DZKRF,0
4695-WJZUE,0
7619-ODSGN,1
5970-GHJAW,0
8879-XUAHX,0
3689-MOZGR,0
4195-PNGZS,0
5003-XZWWO,0
3988-RQIXO,0
7622-FWGEW,0
6922-NCEDI,0
2514-GINMM,0
9891-NQDBD,0
6131-IUNXN,0
8548-AWOFC,0
9798-DRYDS,1
8532-UEFWH,0
6296-DDOOR,0
7951-VRDVK,1
5931-FLJJF,0
4815-YOSUK,0
2659-VXMWZ,0
0380-NEAVX,1
3207-OYBWH,0
4285-GYRQC,0
7216-EWTRS,0
4365-MSDYN,0
7036-TYDEC,0
5802-ADBRC,0
8076-FEZKJ,0
5197-YPYBZ,0
8337-MSSXB,1
4312-GVYNH,0
8495-LJDFO,0
0839-JTCUD,0
5494-WOZRZ,1
1302-UHBDD,0
2234-EOFPT,0
8619-IJNDK,0
8378-LKJAF,0
8182-BJDSI,1
2528-HFYZX,1
1153-GNOLC,0
3298-QEICA,0
0788-DXBFY,0
3597-YASZG,1
3496-LFSZU,2
5242-UOWHD,0
2482-CZGBB,0
6479-SZPLM,0
8097-VBQTZ,0
4500-HKANN,0
9917-KWRBE,0
3420-ZDBMA,0
2212-LYASK,1
1393-IMKZG,0
8069-RHUXK,0
3398-GCPMU,0
2908-WGAXL,0
3378-AJRAO,0
1013-QCWAM,2
0866-QLSIR,0
6050-FFXES,0
7181-BQYBV,0
0362-RAOQO,1
9554-DFKIC,0
5527-ACHSO,0
0829-DDVLK,0
1399-UBQIU,0
1813-JLKWR,0
0336-PIKEI,0
7322-OCWHC,1
9537-VHDTA,0
4957-TIALW,0
2054-PJOCK,0
9150-HEPMB,0
9030-QGZNL,0
6204-IEUXJ,0
3126-WQMGH,0
4529-CKBCL,0
2506-CLAKW,0
7176-WRTNX,0
1583-IHQZE,0
5732-IKGQH,0
9239-GZHZE,0
7205-BAIAD,1
0151-ONTOV,0
4140-MUHUG,0
0093-EXYQL,0
8064-RAVOH,0
0219-QAERP,0
0320-JDNQG,1
7180-PISOG,1
9168-INPSZ,0
3571-RFHAR,0
0015-UOCOJ,0
5334-AFQJB,0
2754-SDJRD,1
9578-VRMNM,1
1587-FKLZB,0
6140-QNRQQ,0
8963-JLGJT,0
4307-KTUMW,0
1465-LNTLJ,0
5440-FLBQG,0
2135-DQWAQ,0
4056-QHXHZ,1
7470-MCQTK,0
7488-MXJIV,0
7401-JIXNM,1
9339-FIIJL,0
2027-FECZV,0
2672-DZUOY,0
4706-DGAHW,0
3870-MQAMG,1
6670-MFRPK,0
6177-PEVRA,0
4800-CZMPC,0
4813-HQMGZ,0
7579-KKLOE,0
7377-DMMRI,0
8402-EIVQS,0
4947-DSMXK,0
7245-NIIWQ,0
0002-ORFBO,0
3324-OIRTO,0
5414-OFQCB,0
4967-WPNCF,0
8552-OBVRU,0
8499-BRXTD,0
9154-QDGTH,1
8197-BFWVU,0
2577-GVSIL,0
9367-OIUXP,0
6770-UAYGJ,1
6463-HHXJR,0
7928-VJYAB,0
1187-WILMM,0
9776-OJUZI,0
1306-RPWXZ,0
8949-JTMAY,0
2774-LVQUS,0
3097-PYWXL,0
2266-SJNAT,0
0869-PAPRP,0
4238-JSSWH,0
2972-YDYUW,0
1104-FEJAM,0
2809-ILCYT,0
5499-ECUTN,1
4981-FLTMF,0
9121-PHQSR,1
3113-IWHLC,0
3211-ILJTT,0
4612-THJBS,0
4277-BWBML,1
4094-NSEDU,0
0234-TEVTT,0
4304-TSPVK,0
1552-AAGRX,0
2637-FKFSY,1
9796-MVYXX,0
7874-ECPQJ,0
0020-INWCK,0
7089-RKVSZ,1
2683-JXWQQ,1
9548-ZMVTX,0
8739-XNIKG,0
9755-JHNMN,1
3981-QSVQI,0
2789-HQBOU,0
9424-CMPOG,0
5067-WJEUN,1
3450-WXOAT,1
9251-WNSOD,0
6974-DAFLI,0
2616-UUTFK,1
7064-JHXCE,0
5103-MHMHY,0
7989-AWGEH,0
4373-VVHQL,2
4559-UWIHT,1
7268-IGMFD,0
1846-XWOQN,1
0235-KGSLC,0
6650-BWFRT,1
9570-KYEUA,0
6993-YGFJV,0
2712-SYWAY,0
0730-BGQGF,0
5498-IBWPI,0
9101-NTIXF,1
0013-SMEOE,0
9314-QDMDW,0
9308-ANMVE,0
2884-GBPFB,0
3757-NJYBX,1
3413-DHLPB,0
7649-PHJVR,0
6114-TCFID,2
3787-TRIAL,1
2573-GYRUU,0
5156-UMKOW,0
1247-QBVSH,0
6734-GMPVK,0
9822-OAOVB,0
6161-ERDGD,0
1226-JZNKR,0
7318-EIVKO,0
3771-PZOBW,0
5136-KCKGI,0
8231-BSWXX,0
6486-LHTMA,1
4083-BFNYK,0
3722-WPXTK,0
7389-KBFIT,0
7176-WIONM,0
5141-ZUVBH,0
1089-HDMKP,0
7623-HKYRK,1
0310-SUCIN,1
5197-PYEPU,0
2929-ERCFZ,1
7548-SEPYI,0
8835-VSDSE,0
6619-RPLQZ,1
3275-RHRNE,0
3503-TYDAY,2
6901-GOGZG,0
1623-NLDOT,0
7021-XSNYE,0
9621-OUPYD,0
9898-KZQDZ,0
8982-NHAVY,0
4307-KWMXE,0
0141-YEAYS,1
2450-ZKEED,0
3694-DELSO,0
3893-JRNFS,0
9603-OAIHC,0
1133-KXCGE,0
5236-PERKL,0
0142-GVYSN,0
1049-FYSYG,0
7854-FOKSF,0
2519-FAKOD,0
8406-LNMHF,0
1821-BUCWY,0
8263-JQAIK,0
0023-UYUPN,0
8314-DPQHL,0
1465-WCZVT,0
9481-SFCQY,0
6360-SVNWV,0
0567-GGCAC,0
7089-IVVAZ,0
8884-MRNSU,0
2171-UDMFD,2
9050-IKDZA,0
2205-YMZZJ,0
9802-CAQUT,0
1254-IZEYF,0
0187-WZNAB,1
9492-TOKRI,1
1475-VWVDO,1
9221-OTIVJ,0
1357-MVDOZ,1
7602-MVRMB,0
3325-FUYCG,0
5908-QMGOE,1
1197-BVMVG,0
5406-KGRMX,1
8481-YYXWG,0
5968-HYJRZ,0
5198-EFNBM,0
7516-GMHUV,0
7140-ADSMJ,0
2230-XTUWL,0
7706-YLMQA,0
2585-KTFRE,0
7994-UYIVZ,0
2609-IAICY,0
1740-CSDJP,0
7717-BICXI,0
6559-RAKOZ,0
2636-OHFMN,0
4716-MRVEN,1
2143-LJULT,0
1323-OOEPC,0
3200-MNQTF,0
6164-HXUGH,0
5630-IXDXV,0
0320-DWVTU,0
9135-MGVPY,0
1212-GLHMD,0
7878-JGDKK,0
1088-AUUZZ,0
0397-GZBBC,1
6614-YWYSC,0
9588-OZDMQ,0
7641-EUYET,0
6476-EPYZR,0
9921-ZVRHG,0
1174-FGIFN,0
6620-HVDUJ,1
4701-MLJPN,1
1032-MAELW,0
7641-TQFHN,0
1552-TKMXS,0
9206-GVPEQ,0
8622-ZLFKO,0
1596-BBVTG,0
6188-UXBBR,0
2333-KWEWW,0
5702-SKUOB,0
1134-YWTYF,0
6061-GWWAV,0
0679-TDGAK,0
6585-WCEWR,0
9067-YGSCA,0
9067-SQTNS,0
8433-WXGNA,0
1776-SPBWV,0
8735-SDUFN,1
9668-PUGNU,0
9405-GPBBG,0
1926-QUZNN,1
3707-GNWHM,0
7016-NVRIC,0
5829-NVSQN,1
9565-AXSMR,1
8922-LIEGH,0
8869-LIHMK,2
8245-UMPYT,0
5186-SAMNZ,0
0447-RXSGD,0
4927-WWOOZ,0
5788-YPOEG,0
5373-SFODM,0
0661-KBKPA,0
9081-WWXKP,0
0784-ZQJZX,0
3133-PZNSR,0
5766-ZJYBB,0
8931-GJJIQ,1
4277-PVRAN,0
0022-TCJCI,0
0722-SVSFK,1
3612-YVGSJ,0
9825-YCXWZ,0
5397-NSKQG,0
8565-HBFNN,0
2000-DHJUY,0
0203-HHYIJ,0
8670-ERCJH,0
7758-UJWYS,0
2050-ONYDQ,0
7055-JCGNI,0
0739-UUAJR,0
4826-DXMUP,0
0952-KMEEH,0
7285-KLOTR,0
0654-PQKDW,0
7175-NTIXE,0
7963-SHNDT,1
9796-BPKIW,0
0188-GWFLE,1
8129-GMVGI,0
2882-DDZPG,0
3547-LQRIK,0
9137-NOQKA,0
5843-TTHGI,1
1849-RJYIG,0
8868-GAGIO,1
4061-UKJWL,1
5380-XPJNZ,0
8263-QMNTJ,0
8178-EYZUO,0
3230-JCNZS,0
0277-ORXQS,0
5130-IEKQT,1
3230-WYKIR,0
7996-BPXHY,0
3227-WLKLI,0
0407-BDJKB,0
2266-FUBDZ,0
8237-ULIXL,0
9600-UDOPK,0
8216-AZUUZ,0
9153-BTBVV,1
4074-SJFFA,1
3269-ATYWD,0
5186-PEIZU,0
1074-AMIOH,0
4910-GMJOT,0
0354-WYROK,0
4361-FEBGN,0
7748-UMTRK,1
0380-ZCSBI,0
7145-FEJWU,0
6463-MVYRY,0
3969-JQABI,0
9624-EGDEQ,0
1051-EQPZR,0
5849-ASHZJ,0
5780-INQIK,0
7576-OYWBN,1
4526-ZJJTM,1
8384-FZBJK,1
3750-RNQKR,0
0962-CQPWQ,1
3096-YXENJ,0
1265-BCFEO,0
5837-LXSDN,0
5945-AZYHT,0
8325-QRPZR,0
6384-VMJHP,0
2262-SLNVK,0
7730-CLDSV,0
1135-HIORI,0
0164-APGRB,0
6481-ESCNL,1
1790-NESIO,0
1550-EENBN,0
5539-TMZLF,0
4323-SADQS,0
4446-BZKHU,0
5202-IVJNU,0
5976-JCJRH,0
8198-RKSZG,0
0137-OCGAB,0
3351-NQLDI,1
9297-EONCV,0
7593-JNWRU,1
4588-YBNIB,0
1069-QJOEE,0
3336-JORSO,1
7799-DSEWS,1
8766-PAFNE,0
5315-CKEQK,0
3130-ICDUP,0
0820-FNRNX,0
0880-FVFWF,0
4611-ANLQC,0
4213-HKBJO,0
2792-LSHWX,0
5028-GZLDO,0
0014-BMAQU,0
6861-XWTWQ,0
9018-PCIOK,0
4837-QUSFT,0
6877-TJMBR,0
9953-ZMKSM,0
0907-HQNTS,0
7665-NKLAV,0
6769-DCQLI,2
2433-KMEAS,0
4391-LNRXK,0
8250-ZNGGW,0
2195-ZRVAX,0
3550-SAHFP,0
2011-TRQYE,0
8562-GHPPI,0
5893-PYOLZ,0
4986-MXSFP,0
6131-FOYAS,1
3027-YNWZU,1
5609-IMCGG,0
4873-ILOLJ,0
4727-MCYZG,0
9481-WHGWY,1
2725-KXXWT,1
9565-DJPIB,0
4328-VUFWD,0
3301-LSLWQ,0
7473-ZBDSN,0
3166-PNEOF,1
5639-NTUPK,0
8780-YRMTT,0
8348-HFYIV,1
5140-FOMCQ,0
6242-SGYTS,0
8166-ORCHU,1
8414-OOEEL,0
8454-AATJP,1
6849-WLEYG,0
4659-NZRUF,0
4531-AUZNK,0
4191-XOVOM,0
2150-OEGBV,0
8429-XIBUM,1
1855-CFULU,0
4878-BUNFV,0
1872-EBWSC,0
2608-BHKFN,0
7026-YMSBE,1
7341-LXCAF,0
6997-UVGOX,0
9674-EHPPG,0
9462-MJUAW,0
8128-YVJRG,0
5440-VHLUL,1
5781-BKHOP,0
4283-FUTGF,0
5213-TWWJU,0
1569-TTNYJ,1
8628-MFKAX,0
2397-BRLOM,0
7629-WIXZF,0
5445-GLVOT,0
3976-HXHCE,0
2466-NEJOJ,0
0254-KCJGT,0
5472-CVMDX,0
6461-SZMCV,0
8150-QUDFX,0
9508-ILZDG,0
2346-DJQTB,1
1697-LYYYX,0
1942-OQFRW,1
4749-VFKVB,0
9640-ZSLDC,0
4231-LZUYM,0
7598-UAASY,0
7938-OUHIO,0
8510-AWCXC,0
6128-AQBMT,0
3594-BDSOA,0
0431-APWVY,0
5133-VRSAB,0
5996-DAOQL,0
6838-YAUVY,0
0484-JPBRU,0
7883-ROJOC,0
0244-LGNFY,0
7274-CGTOD,0
4295-YURET,0
3426-NIYYL,0
8225-BTJAU,0
4635-EJYPD,0
1866-ZSLJM,0
4636-TVXVG,0
4236-UJPWO,0
9392-XBGTD,0
3387-VATUS,0
6402-SSEJG,0
1143-NMNQJ,0
1169-SAOCL,1
1110-KYLGQ,0
9929-PLVPA,0
3518-PZXZQ,1
2371-JUNGC,0
7693-QPEFS,1
0924-BJCRC,0
5074-FBGHB,1
2351-BKRZW,0
4455-BFSPD,0
0415-MOSGF,0
1724-BQUHA,1
3948-KXDUF,0
2323-ARSVR,1
0815-MFZGM,0
4826-XTSOH,0
5480-XTFFL,1
8295-FHIVV,0
2495-INZWQ,0
9086-YJYXS,1
1179-INLAT,0
7909-FIOIY,0
4139-SUGLD,0
6857-VWJDT,1
6351-SCJKT,0
5468-BPMMO,0
5624-BQSSA,0
0197-PNKNK,0
2439-QKJUL,0
1194-SPVSP,0
9534-NSXEM,0
2408-WITXK,0
8929-KSWIH,0
2250-IVBWA,0
1810-MVMAI,0
9506-UXUSK,0
1229-RCALF,1
3572-UOLYZ,0
1429-UYJSV,0
5577-OTWWW,1
6100-QQHEB,0
6366-XIVKZ,0
3470-OBUET,0
2770-NSVDG,1
9375-MHRRS,0
2634-HCZGT,0
7503-QQRVF,0
4860-YZGZM,0
6599-GZWCM,0
2691-NZETQ,0
4404-HIBDJ,0
5533-NHFRF,0
7037-MTYVW,0
4760-THGOT,0
7295-JOMMD,0
4016-BJKTZ,1
6584-VQMYT,0
9838-BFCQT,0
2790-XUYMV,0
0581-MDMPW,0
5013-SBUIH,0
1023-BQXZE,1
9163-GHAYE,0
3904-UKFRE,0
5353-WILCI,0
0709-TVGUR,0
0058-EVZWM,1
6023-YEBUP,1
7209-JCUDS,0
7009-PCARS,1
0519-DRGTI,0
1017-FBQMM,1
3001-CBHLQ,0
1985-MBRYP,1
6158-DWPZT,0
9372-TXXPS,0
3259-QMXUN,0
1015-JPFYW,1
6645-MXQJT,0
4360-QRAVE,0
8433-WPJTV,0
5804-JMYIO,0
3763-GCZHZ,0
6484-LATFU,1
7599-NTMDP,0
0772-GYEQQ,0
0536-ACXIP,0
0936-NQLJU,0
4831-EOBFE,0
1575-KRZZE,0
3251-YMVWZ,1
4102-OQUPX,0
9170-GYZJC,1
4884-LEVMQ,0
8857-CUPFQ,0
7610-TVOPG,0
3638-DIMPH,0
1845-ZLLIG,1
8559-WNQZS,0
3999-QGRJH,0
1699-UOTXU,0
2454-RPBRZ,0
0635-WKOLD,0
5993-JSUWV,1
4518-FZBSX,1
5387-ASZNZ,0
6988-CJEYV,0
2002-MZHWP,0
3097-FQTVJ,0
5465-BUBFA,1
7299-GNVPL,0
9743-DQKQW,0
1215-VFYVK,0
9371-BITHB,1
2265-CYWIV,0
9093-FPDLG,0
0541-FITGH,0
6985-HAYWX,1
7508-KBIMB,0
6838-HVLXG,0
2277-DJJDL,0
1897-OKVMW,0
5485-ITNPC,0
0233-FTHAV,0
4644-PIZRT,0
8922-NPKBJ,0
2740-TVLFN,0
7771-CFQRQ,0
9512-PHSMG,1
6963-EZQEE,0
2452-KDRRH,0
2004-OCQXK,0
5027-QPKTE,0
4146-SVFUD,0
1564-HJUVY,0
3617-XLSGQ,0
7517-LDMPS,0
7244-KXYZN,0
5226-NOZFC,0
2672-HUYVI,0
1400-WIVLL,0
7508-MYBOG,0
8148-NLEGT,0
0148-DCDOS,2
8347-GDTMP,0
9992-RRAMN,0
6746-WAUWT,0
0310-MVLET,0
0428-IKYCP,2
4550-VBOFE,0
2187-PKZAY,0
4003-OCTMP,0
6652-YFFJO,0
7225-IILWY,0
5248-RPYWW,0
7923-IYJWY,0
3170-GWYKC,0
5696-QURRL,0
7409-KIUTL,0
9830-ECLEN,1
1732-VHUBQ,0
0495-RVCBF,0
2668-TZSPS,0
7854-EDSSA,0
8869-TORSS,2
7446-SFAOA,0
9522-ZSINC,0
8234-GSZYK,0
6505-OZNPG,1
6164-HAQTX,0
0679-IDSTG,0
7765-LWVVH,0
1658-TJVOA,0
0953-LGOVU,0
2115-BFTIW,0
4692-NNQRU,1
7742-MYPGI,0
0611-DFXKO,0
7780-OTDSO,1
9619-GSATL,0
5622-UEJFI,1
9747-DDZOS,0
0674-DGMAQ,1
6203-HBZPA,0
0484-FFVBJ,0
0301-FIDRB,0
4139-JPIAM,1
2181-TIDSV,0
2761-XECQW,0
1936-CZAKF,1
9453-PATOS,1
0564-JJHGS,0
3348-CFRNX,0
4402-FTBXC,0
1428-GTBJJ,0
2931-XIQBR,0
0106-UGRDO,0
5542-TBBWB,0
1930-QPBVZ,1
2606-PKWJB,0
5322-ZSMZY,0
8059-UDZFY,0
7740-BTPUX,0
5220-AGAAX,0
0208-BPQEJ,0
9435-JMLSX,0
3352-ALMCK,0
5312-IRCFR,1
5294-IMHHT,0
8802-UNOJF,0
6313-GIDIT,0
6176-YJWAS,1
5310-NOOVA,0
4526-EXKKN,0
5311-IHLEI,1
3987-KQDDU,0
3404-JNXAX,1
5131-PONJI,0
2845-AFFTX,0
3489-VSFRD,0
3345-JHUEO,0
5815-HGGHV,0
5260-UMPWX,0
2249-YPRNG,0
7410-YTJIK,0
4626-GYCZP,0
5649-RXQTV,0
2674-MIAHT,0
2576-HXMPA,0
7587-AOVVU,0
5590-BYNII,0
6898-MDLZW,0
3237-AJGEH,1
4707-YNOQA,0
9357-UJRUN,0
1591-NFNLQ,0
8648-PFRMP,0
7663-CUXZB,0
0258-NOKBL,0
1163-VIPRI,1
2815-CPTUL,0
9348-ROUAI,0
9443-JUBUO,0
0596-BQCEQ,0
1481-ZUWZA,0
3043-TYBNO,0
4830-FAXFM,0
5906-BFOZT,0
2960-NKRSO,0
8996-ZROXE,1
5598-IKHQQ,1
0397-ZXWQF,2
5266-PFRQK,0
4674-HGNUA,0
6765-MBQNU,1
9786-IJYDL,0
1303-SRDOK,0
3769-MHZNV,0
6295-OSINB,0
3308-MHOOC,0
2309-OSFEU,0
2207-QPJED,0
4177-JPDFU,0
2239-CFOUJ,0
8046-DNVTL,0
2209-XADXF,0
6620-JDYNW,1
1891-FZYSA,0
4770-UEZOX,0
1038-RQOST,0
7613-LLQFO,0
4568-TTZRT,0
9513-DXHDA,0
2640-PMGFL,0
3801-HMYNL,0
0516-QREYC,0
9685-WKZGT,0
6022-UGGSO,0
8084-OIVBS,0
8896-BQTTI,0
3865-QBWSJ,0
3352-RICWQ,0
2160-GPFXD,0
2065-MMKGR,0
5857-TYBCJ,0
1498-NHTLT,1
4484-CGXFK,0
1402-PTHGN,0
4176-RELJR,0
6214-EDAKZ,0
5199-FPUSP,0
6377-KSLXC,0
1796-JANOW,1
0238-WHBIQ,0
8735-NBLWT,1
6651-RLGGM,0
6127-ISGTU,0
1614-JBEBI,0
8740-XLHDR,0
1208-DNHLN,0
1761-AEZZR,1
3923-CSIHK,0
5696-EXCYS,0
5795-KTGUD,1
7120-RFMVS,0
7924-GJZFI,0
4702-HDRKD,0
8512-WIWYV,0
5897-ZYEKH,0
5456-ITGIC,0
7317-GGVPB,0
1406-PUQVY,0
1322-AGOQM,0
3677-IYRBF,0
5692-FPTAH,1
9114-AAFQH,0
8715-KKTFG,0
1550-LOAHA,0
1728-BQDMA,0
0268-QKIWO,0
0876-WDUUZ,0
5117-ZSMHQ,0
5151-HQRDG,0
0960-HUWBM,0
6465-GSRCL,0
0617-FHSGK,0
0263-FJTQO,0
7319-ZNRTR,0
2858-MOFSQ,0
7503-EPSZW,0
7089-XXAYG,2
8118-LSUEL,0
8070-AAWZP,0
1666-JXLKU,0
7855-DIWPO,1
5133-POWUA,0
5652-MSDEY,0
7005-CCBKV,0
1810-BOHSY,0
1784-BXEFA,0
7351-MHQVU,0
9224-VTYID,0
9500-IWPXQ,0
5762-TJXGK,0
4504-YOULA,0
5569-IDSEY,0
4250-FDVOU,0
7284-ZZLOH,0
5277-ZLOOR,0
2141-RRYGO,0
1777-JYQPJ,0
6376-GAHQE,0
3401-URHDA,0
1599-EAHXY,0
8631-XVRZL,1
5052-PNLOS,0
3853-LYGAM,0
6979-ZNSFF,0
5751-USDBL,1
5680-LQOGP,0
2386-LAHRK,0
8189-DUKMV,0
6032-IGALN,0
9931-DCEZH,0
1898-JSNDC,0
0315-LVCRK,0
3911-RSNHI,0
2410-CIYFZ,1
4248-HCETZ,0
5505-OVWQW,0
7271-AJDTL,0
1867-TJHTS,0
0516-WJVXC,0
9174-FKWZE,0
6860-YRJZP,0
4429-WYGFR,0
2817-LVCPP,1
5038-ETMLM,0
5056-FIMPT,0
4521-WFJAI,1
6569-KTMDU,0
8809-RIHDD,0
8809-XKHMD,1
0396-YCHWO,0
0867-LDTTC,0
4822-NGOCH,0
9391-DXGGG,0
9844-FELAJ,0
2122-SZZZD,1
5307-DZCVC,0
3148-AOIQT,0
8679-JOEVF,0
8395-ETZKQ,1
6692-YQHXC,1
3889-VWBID,0
5222-JCXZT,0
9754-CLVZW,0
1432-FPAXX,0
2739-CCZMB,0
7080-TNUWP,0
0496-AHOOK,0
8336-TAVKX,1
2468-SJFLM,1
3181-VTHOE,2
7168-HDQHG,0
4803-AXVYP,1
3884-HCSWG,0
4567-AKPIA,0
5077-DXTCG,0
1142-WACZW,0
7901-HXJVA,1
5649-ANRML,0
4892-VLANZ,0
5924-IFQTT,0
7968-QUXNS,0
2919-HBCJO,0
4236-XPXAV,0
8903-WMRNW,1
2452-SNHFZ,1
3629-WEAAM,0
6029-CSMJE,0
7993-NQLJE,1
9909-DFRJA,0
9099-FTUHS,1
0581-BXBUB,0
4962-CHQPW,0
9467-ROOLM,0
3030-YZADT,0
7410-KTVFV,0
5150-ITWWB,0
2253-KPMNB,1
1345-ZUKID,0
6429-SHBCB,0
9281-OFDMF,0
2603-HVKCG,0
1834-WULEG,1
9097-ZUBYC,0
5148-ORICT,0
4893-GYUJU,0
4578-PHJYZ,0
7272-QDCKA,0
8908-SLFCJ,0
8393-DLHGA,0
9766-HGEDE,0
6968-MHOMU,1
7395-IGJOS,1
5044-XDPYX,0
1814-WFGVS,0
2834-SPCJV,0
3721-WKIIL,1
6734-CKRSM,0
1265-ZFOSD,1
6568-POCUI,0
7890-VYYWG,0
5197-LQXXH,1
9907-SWKKF,1
3457-PQBYH,0
7682-AZNDK,0
0587-DMGBH,0
5384-ZTTWP,0
3745-HRPHI,0
7636-OWBPG,0
1231-YNDEK,0
1407-DIGZV,1
6397-JNZZG,0
0570-BFQHT,0
4393-OBCRR,0
3523-QRQLL,1
8564-LDKFL,0
3696-DFHHB,0
0895-DQHEW,0
4717-GHADL,0
5501-TVMGM,0
5879-HMFFH,0
6772-WFQRD,0
3810-DVDQQ,0
6972-SNKKW,1
3694-GLTJM,0
8550-XSXUQ,0
8149-RSOUN,0
9055-MOJJJ,0
4359-INNWN,0
0585-EGDDA,0
4032-RMHCI,0
0549-CYCQN,1
3481-JHUZH,1
7250-EQKIY,1
3594-IVHJZ,2
6869-FGJJC,0
3896-ZVNET,0
8205-VSLRB,0
5960-MVTUK,0
6817-WTYHE,1
3082-VQXNH,1
4013-UBXWQ,0
4931-TRZWN,0
0750-EKNGL,0
7669-LCRSD,0
3567-PQTSO,1
5519-NPHVG,0
8043-PNYSD,0
9938-EKRGF,0
2703-AMTUL,0
0928-JMXNP,1
8173-RXAYP,0
4825-XJGDM,0
5402-HTOTQ,1
6734-JDTTV,0
7850-THJMU,0
3890-RTCMS,0
8849-GYOKR,0
3148-BLQJT,0
3717-FDJFU,0
3665-JATSN,0
7966-YOTQW,0
0461-CVKMU,1
8806-EAGWC,2
8853-TZDGH,0
7779-LGOVN,0
4324-BZCKL,0
6924-TDGMT,0
9710-ZUSHQ,0
1536-YHDOE,0
8123-QBNAZ,1
3629-ZNKXA,0
4827-LTQRJ,0
7711-YIJWC,0
5482-VXSXJ,0
7365-BVCJH,0
9620-ENEJV,0
4183-WCSEP,0
2378-YIZKA,0
5498-TXHLF,0
0689-DSXGL,1
6818-DJXAA,1
9722-UJOJR,0
0464-WJTKO,0
8902-ZEOVF,0
6778-EICRF,0
2662-NNTDK,1
4132-KALRO,0
3902-FOIGH,0
6772-KSATR,0
7112-OPOTK,0
2874-YXVVA,0
1245-HARPS,0
4210-QFJMF,0
4323-ELYYB,0
4293-ETKAP,0
6064-PUPMC,0
6504-VBLFL,0
6322-PJJDJ,1
0330-BGYZE,1
1085-LDWAM,0
7586-ZATGZ,0
7197-VOJMM,1
3318-OSATS,0
5828-AVIPD,2
1843-TLSGD,0
9626-VFRGG,0
7075-BNDVQ,0
9143-CANJF,1
7284-BUYEC,1
2041-JIJCI,0
1086-LXKFY,1
4900-MSOMT,0
2229-VWQJH,0
9194-GFVOI,0
1336-EZFZY,0
4282-MSACW,1
1403-LKLIK,0
2636-ALXXZ,0
7774-OJSXI,0
7786-WBJYI,0
0136-IFMYD,0
5144-TVGLP,0
9643-AVVWI,0
0253-ZTEOB,0
2706-QZIHY,0
6061-PQHMK,0
9885-CSMWE,0
6137-MFAJN,0
9122-UMROB,0
4232-JGKIY,0
2402-TAIRZ,0
9659-ZTWSM,0
9139-TWBAS,1
6685-GBWJZ,1
5016-ETTFF,0
3866-MDTUB,0
2195-VVRJF,0
3913-RDSJZ,0
8058-JMEQO,0
4203-QGNZA,0
5043-TRZWM,0
0697-ZMSWS,2
7657-DYEPJ,0
9494-BDNNC,0
1640-PLFMP,0
5366-OBVMR,0
8276-MQBYC,0
7644-OMVMY,0
7593-XFKDI,0
4573-JKNAE,0
0337-CNPZE,0
9817-APLHW,0
8380-MQINP,0
0840-DFEZH,0
1513-XNPPH,0
8690-ZVLCL,0
6015-VVHHE,1
1125-SNVCK,1
0384-LPITE,0
4616-EWBNJ,0
6347-DCUIK,0
1335-HQMKX,0
2545-EBUPK,0
6923-AQONU,0
2172-EJXVF,0
0897-FEGMU,0
7663-RGWBC,0
1120-BMWUB,0
9124-LHCJQ,0
4536-PLEQY,0
7029-IJEJK,0
8871-JLMHM,0
2235-ZGKPT,0
3891-PUQOD,0
5447-VYTKW,0
3623-FQBOX,0
0689-NKYLF,0
8659-HDIYE,0
3658-KIBGF,0
3474-BAFSJ,0
5519-YLDGW,0
3865-ZFZIB,0
1855-AGAWH,0
7109-CQYUZ,0
1370-GGAWX,0
4680-KUTAJ,0
5307-UVGNB,0
4946-EDSEW,0
2883-ILGWO,0
2516-VQRRV,0
7580-UGXNC,0
3642-BYHDO,1
9629-NHXFW,0
2696-RZVZW,0
5766-FTRTS,0
0396-HUJBP,0
5178-LMXOP,0
8879-ZKJOF,0
6285-FTQBF,0
8185-UPYBR,0
4585-HETAI,0
7526-BEZQB,0
1474-JUWSM,0
3530-CRZSB,0
8498-XXGWA,0
9617-INGJY,0
0621-TSSMU,0
7234-KMNRQ,0
7636-PEPNS,0
4683-WYDOU,0
9052-DHNKM,0
6794-HKIAJ,0
5578-NKCXI,0
1642-HMARX,0
3096-WPXBT,0
8434-PNQZX,1
5950-AAAGJ,0
4299-OPXEJ,1
4951-UKAAQ,0
9618-LFJRU,1
6693-DJWTY,0
0744-GKNGE,0
6447-EGDIV,0
1167-OYZJF,0
2108-YKQTY,0
4806-DXQCE,0
4918-QLLIW,0
7056-IMHCC,1
4854-SSLTN,0
5294-DMSFH,0
4837-PZTIC,0
1625-JAIIY,0
0603-OLQDC,0
3272-VUHPV,0
4176-FXYBO,0
1063-DHQJF,1
8663-UPDGF,0
6719-FGEDO,0
1837-YQUCE,1
2947-DOMLJ,0
4112-LUEIZ,1
0369-ZGOVK,0
4510-HIMLV,0
9919-KNPOO,0
8749-JMNKX,0
7872-BAAZR,0
9391-LMANN,1
2430-USGXP,0
8174-TBVCF,1
1698-XFZCI,0
1877-HKBQX,0
4450-DLLMH,0
0428-AXXLJ,0
2746-DIJLO,0
5955-ERIHD,0
0917-EZOLA,1
3508-VLHCZ,0
4086-ATNFV,1
0468-YRPXN,0
5996-NRVXR,0
3739-YBWAB,1
7047-FWEYA,1
2000-MPKCA,0
9762-YAQAA,0
5949-EBSQK,0
5473-KHBPS,0
0100-DUVFC,0
5397-TUPSH,0
8950-MTZNV,0
0326-VDYXE,0
6773-LQTVT,0
7274-RTAPZ,1
0436-TWFFZ,1
8566-YPRGL,1
0311-UNPFF,0
6609-MXJHJ,0
2669-OIDSD,1
8400-WZICQ,0
3834-XUIFC,1
9576-SYUHJ,0
0410-IPFTY,1
2831-EBWRN,1
9430-NKQLY,0
8414-MYSHR,0
0247-SLUJI,0
9402-ORRAH,0
6483-OATDN,0
1293-HHSHJ,0
4840-ORQXB,0
7599-FKVXZ,0
3982-DQLUS,0
8610-ZIKJJ,0
3756-VNWDH,0
7801-KICAO,0
7673-LPRNY,1
8229-TNIQA,0
6060-QBMGV,1
7339-POGZN,1
2828-SLQPF,0
4465-VDKIQ,0
2921-XWDJH,0
6221-AVQYL,0
2558-BUOZZ,0
9257-AZMTZ,0
0003-MKNFE,0
0975-UYDTX,2
7743-EXURX,0
4682-BLBUC,0
0975-VOOVL,0
5968-VXZLG,0
5569-KGJHX,0
4988-IQIGL,1
5201-FRKKS,0
9799-CAYJJ,0
7730-IUTDZ,0
0426-TIRNE,0
5443-SCMKX,0
8295-KMENE,0
6738-ISCBM,0
9821-BESNZ,1
3678-MNGZX,0
1335-NTIUC,0
2916-BQZLN,0
4558-CGYCZ,0
2368-GAKKQ,0
8710-YGLWG,0
3199-XGZCY,0
3785-KTYSH,0
6814-ZPWFQ,0
4063-EIKNQ,0
6993-YCOBK,0
5206-HPJKM,0
7587-RZNME,0
0748-RDGGM,0
8393-JMVMB,0
5019-GQVCR,0
6036-TTFYU,2
2550-AEVRU,0
0969-RGKCU,0
0378-CJKPV,0
4706-AXVKM,0
5889-JTMUL,1
9026-RNUJS,1
3746-EUBYR,0
2332-EFBJY,0
2880-FPNAE,0
1703-MGIAB,0
4311-QTTAI,0
9474-PHLYD,1
4318-RAJVY,0
2165-VOEGB,0
3612-YUNGG,0
2254-DLXRI,0
5062-CJJKH,0
9028-LIHRP,0
2219-MVUSO,0
1053-MXTTK,0
1530-ZTDOZ,0
1301-LOPVR,0
0853-TWRVK,0
8914-RBTSB,0
6212-ATMLK,2
8200-LGKSR,0
1568-BEKZM,0
0670-ANMUU,0
6897-RWMUB,0
0963-ZBDRN,1
7594-RQHXR,0
6999-CHVCF,0
6134-KWTBV,0
1077-HUUJM,1
6331-EWIEB,2
0895-LNKRC,0
2045-BMBTJ,0
8417-GSODA,0
5171-EPLKN,0
4452-QIIEB,0
5998-VVEJY,1
1624-NALOJ,0
6741-EGCBI,0
7820-ZYGNY,0
4317-VTEOA,0
9677-AVKED,0
1670-SVOWZ,0
2227-JRSJX,1
9847-HNVGP,0
6696-YDAYZ,0
8980-WQFWL,0
1730-ZMAME,0
6506-EYCNH,0
4634-JLRJT,0
9501-UKKNL,0
2560-QTSBS,1
7541-YLXCL,1
4795-WRNVT,0
6080-TCMYC,0
0260-ZDLGK,0
7860-UXCRM,0
6357-JJPQT,0
2292-XQWSV,1
9552-TGUZV,0
5913-INRQV,0
8722-NGNBH,1
6210-KBBPI,0
9643-YBLUR,0
8734-FNWVH,0
9447-YPTBX,0
0133-BMFZO,0
6128-CZOMY,0
9540-JYROE,0
9026-LHEVG,1
2260-USTRB,0
3656-TKRVZ,0
7011-CVEUC,1
6185-TASNN,0
7925-PNRGI,0
8623-TMRBY,0
1552-CZCLL,0
3038-PQIUY,0
1501-SGHBW,0
9313-CDOGY,0
8148-BPLZQ,0
2623-DRYAM,0
9987-LUTYD,0
3208-YPIOE,0
4488-KQFDT,1
2612-RANWT,0
5693-PIPCS,0
0491-KAPQG,0
1925-LFCZZ,0
8039-EQPIM,0
6900-PXRMS,0
8707-RMEZH,1
3346-BRMIS,0
3209-ZPKFI,0
6479-VDGRK,0
9373-WSLOY,0
2933-FILNV,0
3569-JFODW,0
9819-FBNSV,0
9544-PYPSJ,1
1591-XWLGB,0
0396-UKGAI,0
3243-ZHOHY,0
5186-EJEGL,0
7527-QNRUS,1
9986-BONCE,0
2722-JMONI,0
2203-GHNWN,0
3878-AVSOQ,0
3258-SYSWS,0
5296-PSYVW,0
6319-QSUSR,2
4083-EUGRJ,0
7579-OOPEC,0
0512-FLFDW,1
1771-OADNZ,0
0487-CRLZF,0
2107-FBPTK,0
9451-WLYRI,0
8219-VYBVI,0
1991-VOPLL,0
9738-QLWTP,1
1016-DJTSV,0
9419-IPPBE,2
0174-QRVVY,0
5699-BNCAS,0
2900-PHPLN,0
0612-RTZZA,0
8106-GWQOK,1
8751-EDEKA,0
6878-GGDWG,0
4039-PIMHX,0
8450-LUGUK,0
3604-WLABM,0
0795-GMVQO,0
2259-OUUSZ,0
1142-IHLOO,0
6410-LEFEN,0
4633-MKHYU,0
6257-RJOHI,0
1545-JFUML,1
3194-ORPIK,0
7826-VVKWT,0
1353-GHZOS,0
2587-EKXTS,1
5442-BXVND,0
8816-VXNZD,0
9378-FXTIZ,1
1723-HKXJQ,0
7825-GKXMW,1
9753-OYLBX,0
2364-UFROM,0
6656-JWRQX,0
6473-ULUHT,0
1240-KNSEZ,0
0836-SEYLU,0
4433-JCGCG,0
3716-BDVDB,0
7688-AWMDX,0
2842-BCQGE,0
7244-QWYHG,0
5899-MQZZL,1
6849-OYAMU,0
5312-UXESG,0
9488-HGMJH,0
6038-GCYEC,1
2150-WLKUW,1
7159-FVYPK,0
7032-LMBHI,0
1150-WFARN,1
6088-BXMRG,0
3144-AUDBS,0
4821-SJHJV,0
7346-MEDWM,0
1137-DGOWI,1
5616-PRTNT,0
3812-LRZIR,0
4818-QIUFN,0
9483-GCPWE,0
4227-OJHAL,1
9220-CXRSC,0
4993-JCRGJ,0
9537-JALFH,1
6698-OXETB,0
2103-ZRXFN,0
3724-BSCVH,0
4877-TSOFF,1
9209-NWPGU,0
6961-VCPMC,0
7306-YDSOI,0
5288-AHOUP,0
6688-UZPWD,1
0655-YDGFJ,0
8468-EHYJA,1
6823-SIDFQ,0
1097-FSPVW,0
2839-RFSQE,0
8328-SKJNO,0
7010-ZMVBF,1
5201-CBWYG,1
0968-GSIKN,0
1965-DDBWU,0
9057-SIHCH,0
6352-GIGGQ,0
3635-QQRQD,0
6771-XWBDM,0
2897-DOVND,0
3082-YVEKW,1
0191-EQUUH,0
7134-HBPBS,0
3489-HHPFY,0
2926-JEJJC,0
8601-QACRS,0
4950-BDEUX,0
5789-LDFXO,0
0508-OOLTO,0
2984-TBYKU,0
9822-WMWVG,0
2391-SOORI,0
9040-KZVWO,0
2645-QTLMB,0
4806-HIPDW,0
1548-ARAGG,0
6339-RZCBJ,0
4424-TKOPW,0
4415-WNGVR,0
2522-AHJXR,0
0412-UCCNP,0
1816-FLZDK,0
7096-UCLNH,0
8443-ZRDBZ,1
9136-ALYBR,0
4615-PIVVU,1
8885-QSQBX,0
7479-NITWS,0
8617-ENBDS,0
9385-NXKDA,0
0430-IHCDJ,0
2959-MJHIC,1
6674-KVJHG,0
1814-DKOLC,0
4201-JMNGR,0
9351-HXDMR,0
3537-HPKQT,0
2129-ALKBS,0
5821-MMEIL,1
5960-WPXQM,0
0684-AOSIH,0
8260-NGFNY,0
1309-XGFSN,0
1866-RZZQS,0
6968-URWQU,1
4742-TXUEX,0
9631-XEYKE,0
8631-NBHFZ,0
1335-MXCSE,0
8873-TMKGR,0
8800-JOOCF,0
1469-LBJQJ,0
4958-XCBDQ,0
8337-UPOAQ,0
0064-YIJGF,0
2386-OWURY,0
1725-IQNIY,1
0310-VQXAM,0
6598-RFFVI,0
3453-RTHJQ,0
6712-OAWRH,0
6278-FEPBZ,0
4280-DLSHD,0
1508-DFXCU,0
8614-VGMMV,0
7868-BGSZA,0
2800-QQUSO,0
2930-UOTMB,0
7973-DZRKH,1
5914-DVBWJ,0
7698-YFGEZ,0
2533-QVMSK,0
9773-PEQBZ,0
8644-XLFBW,0
0650-BWOZN,0
8625-AZYZY,1
7785-RDVIG,1
9602-WCXPI,0
2903-YYTBW,1
3620-MWJNE,0
8573-JGCZW,0
6837-HAEVO,0
6701-YVNQG,0
9306-CPCBC,1
4304-XUMGI,0
9504-YAZWB,0
8819-ZBYNA,0
6174-NRBTZ,0
9481-IEBZY,0
1833-VGRUM,0
6137-NICCO,0
9065-ZCPQX,0
6402-EJMWF,0
3620-EHIMZ,0
3213-VVOLG,0
6870-ECSHE,1
8747-UDCOI,0
8374-XGEJJ,0
2656-TABEH,1
6946-LMSQS,1
4626-OZDTJ,0
9169-BSVIN,0
2325-ZUSFD,0
8194-PEEBY,0
6872-HXFNF,0
3932-CMDTD,0
7714-YXSMB,0
8387-UGUSU,0
1080-BWSYE,1
4039-HEUNW,0
1194-HVAIF,0
0812-WUPTB,0
3594-UVONA,0
0004-TLHLJ,1
1767-TGTKO,1
8439-LTUGF,0
8805-JNRAZ,0
5089-IFSDP,1
6418-HNFED,0
0206-OYVOC,1
7291-CDTMJ,1
7128-GGCNO,0
0237-YFUTL,0
7691-KGKGP,0
6710-HSJRD,0
3675-EQOZA,0
0840-DCNZE,0
1732-FEKLD,0
9862-KJTYK,0
0479-HMSWA,0
5854-KSRBJ,0
0365-BZUWY,0
4817-VYYWS,0
5701-SVCWR,1
3129-AAQOU,0
4922-CVPDX,0
1396-QWFBJ,0
1357-BIJKI,1
1099-BTKWT,1
5299-SJCZT,0
2018-PZKMU,0
7340-KEFQE,0
4570-QHXHL,0
2403-BCASL,0
7392-YYPYJ,0
2898-LSJGD,0
2223-GDSHL,0
7359-PTSXY,0
9470-RTWDV,1
2176-OSJUV,1
9348-YVOMK,0
8104-OSKWT,0
4521-YEEHE,0
4090-KPJIP,0
3786-WOVKF,0
4503-BDXBD,0
6086-ESGRL,0
2592-HODOV,0
3886-CERTZ,0
7995-ZHHNZ,0
3824-RHKVR,0
5816-SCGFC,1
5989-AXPUC,0
4979-HPRFL,0
8590-OHDIW,0
8015-IHCGW,0
2332-TODQS,0
9278-VZKCD,1
8008-OTEZX,0
2773-OVBPK,0
5999-LCXAO,1
5206-XZZQI,0
4803-LBYPN,0
5759-RCVCB,0
6372-RFVNS,0
2139-FQHLM,1
8261-GWDBQ,0
1093-YSWCA,0
8938-UMKPI,0
0991-BRRFB,0
3882-IYOIJ,0
8749-TZYEC,3
1755-FZQEC,0
3115-JPJDD,0
5600-KTXFM,0
3871-IKPYH,0
6319-IEJWJ,0
9025-AOMKI,0
6339-TBELP,0
7964-YESJC,0
6173-GOLSU,0
5275-SQEIZ,0
7716-YTYHG,0
9938-ZREHM,1
7950-XWOVN,0
4390-KYULV,0
4647-MUZON,0
9702-AIUJO,0
8849-PRIQJ,0
8851-RAGOV,0
1304-NECVQ,0
5396-IZEPB,0
1729-VLAZJ,0
8285-ABVLB,1
0701-TJSEF,0
5712-VBOXD,0
6629-LADHQ,0
8945-GRKHX,0
1559-DTODC,0
4797-MIWUM,0
6959-UWKHF,0
8720-RQSBJ,0
4537-CIBHB,1
3815-SLMEF,0
5154-VEKBL,0
4324-AHJKS,0
4355-CVPVS,0
4495-LHSSK,0
5655-JSMZM,1
5915-ANOEI,0
9861-PDSZP,0
4505-EXZHB,0
7225-CBZPL,0
6704-UTUKK,0
4587-VVTOX,1
2019-HDCZY,0
4652-NNHNY,1
8788-DOXSU,0
7404-JLKQG,0
7421-ZLUPA,0
8972-HJWNV,1
3274-NSDWE,0
2632-IVXVF,0
3692-JHONH,0
8915-NNTRC,0
5914-GXMDA,0
7463-IFMQU,0
2920-RNCEZ,0
2541-YGPKE,0
8515-OCTJS,0
5382-TEMLV,1
3441-CGZJH,0
9592-ERDKV,0
2860-RANUS,0
5261-QSHQM,0
4778-IZARL,0
0432-CAJZV,0
7008-LZVOZ,0
8868-WOZGU,0
1200-TUZHR,0
9365-CSLBQ,0
1334-FJSVR,0
5884-FBCTL,0
7130-CTCUS,0
6242-FEGFD,1
7625-XCQRH,0
6194-HBGQN,0
7634-WSWDB,0
6986-IXNDM,0
1731-TVIUK,0
2987-BJXIK,0
9769-TSBZE,0
0406-BPDVR,0
0618-XWMSS,1
1395-WSWXR,0
6023-GSSXW,0
6752-APNJL,0
5276-KQWHG,0
0420-HLGXF,0
7446-KQISO,0
9823-EALYC,0
0582-AVCLN,0
5803-NQJZO,1
2565-JSLRY,0
2607-DHDAK,0
1073-XXCZD,0
0743-HRVFF,0
4006-HKYHO,0
3727-JEZTU,1
8143-ETQTI,0
6689-KXGBO,3
9667-TKTVZ,0
3657-COGMW,0
8570-KLJYJ,0
7754-IXRMC,0
9473-CBZOP,0
2969-WGHQO,0
6615-NGGZJ,0
4334-HOWRP,0
4255-DDUOU,1
5863-OOKCL,0
1686-STUHN,0
1329-VHWNP,0
2984-MIIZL,0
0266-GMEAO,1
5590-YRFJT,0
5574-NXZIU,0
0019-GFNTW,0
4256-ZWTZI,0
8309-PPCED,1
4098-NAUKP,0
5196-WPYOW,0
4608-LCIMN,0
1485-YDHMM,0
4054-CUMIA,0
0603-TPMIB,0
2525-GVKQU,0
8161-QYMTT,0
9581-GVBXT,1
5862-BRIXZ,1
5404-GGUKR,0
3308-JSGML,0
2126-GSEGL,0
3677-TNKIO,0
0440-QEXBZ,0
2434-EEVDB,0
6762-QVYJO,0
6199-IWKGC,0
2675-DHUTR,0
8152-VETUR,1
9667-EQRXU,0
7446-YPODE,1
9522-BNTHX,0
4676-WLUHT,0
3329-WDIOK,0
7980-MHFLQ,0
2873-ZLIWT,0
3415-TAILE,0
0757-WCUUZ,0
1629-DQQVB,0
1915-IOFGU,0
3045-XETSH,0
0374-AACSZ,0
7239-HZZCX,0
4872-VXRIL,0
9140-CZQZZ,1
3423-HHXAO,0
9938-TKDGL,0
0531-ZZJWQ,0
6537-QLGEX,0
2688-BHGOG,1
7683-CBDKJ,1
0946-CLJTI,0
3160-TYXLT,0
1325-USMEC,0
0916-QOFDP,1
0628-CNQRM,1
5606-AMZBO,0
6199-IPCAO,2
7665-TOALD,2
0112-QWPNC,0
0324-BRPCJ,0
2777-PHDEI,0
5640-CAXOA,0
2235-EZAIK,1
3847-BAERP,0
1196-AMORA,0
4282-YMKNA,0
1453-RZFON,0
8263-OKETD,0
0670-KDOMA,0
2476-YGEFM,0
8687-BAFGU,0
0641-EVBOJ,0
0829-XXPLX,0
9974-JFBHQ,0
5356-RHIPP,0
6624-JDRDS,0
0608-JDVEC,0
9780-FKVVF,2
1919-RTPQD,0
5214-NLTIT,0
3345-PBBFH,0
5055-BRMNE,0
9189-JWSHV,0
2190-PHBHR,0
2650-GYRYL,0
0746-JTRFU,0
5208-FVQKB,0
7184-LRUUR,0
6627-CFOSN,0
3982-JGSFD,1
1574-DYCWE,0
7247-XOZPB,1
2466-FCCPT,1
6211-WWLTF,1
4826-TZEVA,1
6016-NXBNJ,0
9138-EFSMO,0
0576-WNXXC,0
4632-XJMEX,1
8910-LEDAG,0
3452-GWUIN,0
2716-GFZOR,0
3724-UCSHY,0
8626-XHBIE,0
4628-CTTLA,0
3192-LNKRK,0
4439-YRNVD,0
2876-VBBBL,0
6834-NXDCA,0
2208-UGTGR,0
3005-TYFRD,1
8670-MEFCP,0
3079-BCHLN,0
7777-UNYHB,1
5597-GLBUC,0
7278-CKDNC,0
2748-MYRVK,1
8450-UYIBU,0
2969-VAPYH,0
4822-YCXMX,0
7181-OQCUT,1
8474-UMLNT,0
9821-POOTN,0
3836-FZSDJ,0
9142-XMYJH,0
6559-ILWKJ,0
0187-QSXOE,0
7733-UDMTP,0
2649-HWLYB,0
5214-CHIWJ,1
4229-CZMLL,0
6904-JLBGY,0
2465-BLLEU,0
1685-VAYJF,0
8874-EJNSR,0
6917-YACBP,1
5049-MUBWG,0
4223-WOZCM,1
0769-MURVM,0
9253-VIFJQ,0
7030-FZTFM,1
9741-YLNTD,0
5917-RYRMG,0
5120-ZBLAI,1
1194-BHJYC,0
3663-MITLP,1
0906-QVPMS,0
9025-ZRPVR,0
1905-OEILC,0
7858-GTZSP,0
3285-UCQVC,0
6248-BSHKG,1
4685-TFLLS,1
3470-BTGQO,0
1209-VFFOC,1
8224-DWCKX,0
5482-PLVPE,0
4553-DVPZG,0
4902-OHLSK,0
6917-IAYHD,0
0495-ZBNGW,0
8620-RJPZN,1
7572-KPVKK,0
2642-MAWLJ,0
2357-COQEK,0
7103-ZGVNT,0
3737-GCSPV,1
2027-WKXMW,0
7137-NAXML,0
2428-ZMCTB,0
2961-VNFKL,0
1768-HNVGJ,1
6963-KQYQB,0
5934-RMPOV,0
1207-BLKSA,0
4088-YLDSU,0
8316-BBQAY,0
1166-PQLGG,1
3146-JTQHR,1
4291-YZODP,0
4395-PZMSN,0
6427-FEFIG,1
0017-IUDMW,0
8706-HRADD,0
9955-QOPOY,1
4385-ZKVNW,0
5446-DKWYW,0
2034-CGRHZ,0
5797-APWZC,0
3683-QKIUE,0
4228-ZGYUW,0
9031-ZVQPT,0
2990-IAJSV,0
8107-KNCIM,0
9027-YFHQJ,0
5176-LDKUH,0
4644-OBGFZ,0
7926-IJOOU,0
6480-YAGIY,0
4029-HPFVY,0
7602-DBTOU,0
5345-BMKWB,0
3519-ZKXGG,1
5457-COLHT,0
6416-TVAIH,0
5451-YHYPW,0
5108-ADXWO,0
7998-WNZEM,0
3066-RRJIO,0
4664-NJCMS,0
0307-BCOPK,0
7629-WFGLW,0
2542-HYGIQ,0
6715-OFDBP,0
5016-LIPDW,1
6481-LXPWL,0
1567-DSCIC,0
2150-UWTFY,0
6124-ACRHJ,2
9362-MWODR,0
9975-GPKZU,1
9625-RZFUK,0
5153-LXKDT,0
5161-UBZXI,1
1020-JPQOW,0
7919-ZODZZ,0
0565-JUPYD,0
6867-ACCZI,0
5939-XAIXZ,0
9054-FOWNV,0
2683-BPJSO,0
2157-MXBJS,0
8207-VVMYB,1
9732-EQMWY,0
9360-AHGNL,0
1087-UDSIH,0
5269-NRGDP,0
6195-MELTI,0
5485-WUYWF,0
2121-JAFOM,0
8818-DOPVL,1
2632-UCGVD,0
5445-PZWGX,0
1227-UDMZR,0
5198-HQAEN,0
9170-CCKOU,0
2167-FQSTQ,0
2819-GWENI,0
1043-YCUTE,0
3814-MLAXC,0
3572-UUHRS,0
2692-PFYTJ,0
1226-UDFZR,1
5955-EPOAZ,0
6821-JPCDC,0
8815-LMFLX,0
9135-HSWOC,0
8582-KRHPJ,1
5811-IWXYM,0
7044-YAACC,0
8189-XRIKE,0
1506-YJTYT,0
4123-DVHPH,0
6425-YQLLO,2
5442-UTCVD,0
2228-BZDEE,0
7734-DBOAI,1
2789-CZANW,0
2091-RFFBA,0
2114-MGINA,0
7596-LDUXP,0
3740-RLMVT,0
4489-SNOJF,0
2192-OZITF,0
5651-CPDND,0
2186-QZEYA,1
1131-ALZWV,0
7729-XBTWX,1
9134-WYRVP,0
3284-SVCRO,0
9732-OUYRN,0
0559-CKHUS,0
2931-SVLTV,0
6899-PPEEA,0
7504-UWHNB,0
2582-FFFZR,0
8908-NMQTX,0
2187-LZGPL,1
1431-AIDJQ,0
6288-LBEAR,0
4597-NUCQV,0
9019-QVLZD,0
8413-YNHNV,1
5808-TOTXO,1
4369-NYSCF,0
6333-YDVLT,1
5324-KTGCG,0
5599-HVLTW,1
7394-LWLYN,1
3707-LRWZD,0
6873-UDNLD,0
2700-LUEVA,0
1455-ESIQH,0
0958-YHXGP,1
1101-SSWAG,1
2979-SXESE,0
4013-TLDHQ,0
5743-KHMNA,1
4194-FJARJ,0
5325-UWTWJ,2
3969-GYXEL,0
9208-OLGAQ,0
3244-CQPHU,0
2674-MLXMN,0
9708-HPXWZ,1
6992-TKNYO,0
4468-YDOVK,1
3754-DXMRT,0
5792-JALQC,0
7130-VTEWQ,1
2200-DSAAL,0
4302-ZYFEL,0
9351-LZYGF,0
4366-CTOUZ,0
6121-VZNQB,0
7903-CMPEY,0
1518-OMDIK,0
6671-NGWON,0
0595-ITUDF,0
6996-KNSML,0
1955-IBMMB,0
0096-BXERS,0
3806-YAZOV,1
7998-ZLXWN,0
6253-WRFHY,0
9133-AYJZG,0
2675-OTVVJ,1
8680-CGLTP,0
8430-TWCBX,0
5018-GWURO,0
6741-QRLUP,1
4737-HOBAX,1
0537-QYZZN,1
3340-QBBFM,0
1704-NRWYE,1
2592-SEIFQ,1
8200-KLNYW,0
3372-CDXFJ,1
4781-ZXYGU,0
7632-YUTXB,0
2718-YSKCS,0
9896-UYMIE,1
0853-NWIFK,0
8212-CRQXP,0
6980-CDGFC,0
7691-XVTZH,0
2520-SGTTA,1
7481-ATQQS,0
2277-VWCNI,0
1088-CNNKB,0
8642-GVWRF,0
1930-BZLHI,0
3400-ESFUW,0
5868-YTYKS,2
3525-DVKFN,0
1482-OXZSY,1
0377-JBKKT,0
5778-BVOFB,0
3373-YZZYM,1
2057-ZBLPD,0
0228-MAUWC,0
5502-RLUYV,0
0023-HGHWL,0
7663-YJHSN,1
4915-BFSXL,1
3086-RUCRN,0
5215-LNLDJ,0
7576-JMYWV,0
9039-RBEEE,0
0257-KXZGU,1
1307-ATKGB,0
8417-FMLZI,0
3714-XPXBW,1
1850-AKQEP,0
2824-DXNKN,0
5227-JSCFE,1
0848-ZGQIJ,0
3621-CHYVB,0
8042-RNLKO,0
1792-UXAFY,0
5372-FBKBN,0
0420-TXVSG,0
6217-TOWGS,1
0515-YPMCW,0
0378-XSZPU,1
1045-LTCYT,1
1544-JJMYL,1
4636-JGAAI,0
6874-SGLHU,0
5951-AOFIH,0
4729-XKASR,0
3059-NGMXB,1
8652-YHIYU,0
5278-PNYOX,1
5449-FIBXJ,0
3486-HOOGQ,1
5061-PBXFW,2
8630-FJLIB,0
3891-NLXJB,0
4749-OJKQU,1
0577-WHMEV,0
5453-AXEPF,0
3639-XJHKQ,0
3716-LRGXK,0
2263-SFSQZ,1
9950-MTGYX,0
3397-AVTKU,0
4825-FUREZ,1
9837-BMCLM,1
2672-OJQZP,0
0137-UDEUO,0
3134-DSHVC,0
6161-UUUTA,0
7821-DPRQE,1
6543-XRMYR,0
2001-EWBQU,0
4925-LMHOK,0
1608-GMEWB,1
6695-AMZUF,0
1455-UGQVH,0
8410-BGQXN,0
8280-MQRQN,0
1619-YWUBB,0
7611-YKYTC,0
2037-SGXHH,0
3178-FESZO,0
0365-GXEZS,0
0082-OQIQY,0
6087-MVHJH,0
4603-JANFB,0
3018-TFTSU,0
3606-SBKRY,0
4806-KEXQR,0
0667-NSRGI,2
7083-YNSKY,0
6893-ODYYE,0
8242-JSVBO,0
2479-BRAMR,0
9541-ZPSEA,0
2665-NPTGL,0
1139-WUOAH,0
4693-VWVBO,0
7434-SHXLS,0
6937-GCDGQ,0
0988-JRWWP,0
5075-JSDKI,0
7908-QCBCA,1
8644-XYTSV,0
6711-FLDFB,1
3873-WOSBC,0
7465-ZZRVX,2
7975-JMZNT,0
7251-XFOIL,0
4116-IQRFR,1
3714-JTVOV,1
8259-DZLIZ,0
0442-ZXKVS,0
7853-WNZSY,0
3120-FAZKD,0
8606-OEGQZ,0
0225-ZORZP,0
4702-IOQDC,0
9489-JMTTN,0
0575-CUQOV,0
0967-BMLBD,0
6178-KFNHS,0
2830-LEWOA,1
5006-MXVRN,1
1264-BYWMS,0
9658-WYUFB,0
8327-WKMIE,0
6917-FIJHC,0
5329-KRDTM,0
7797-EJMDP,1
3530-VWVGU,0
2013-SGDXK,0
6368-NWMCE,1
3633-CDBUW,0
0707-HOVVN,0
8580-QVLOC,0
3956-MGXOG,0
9274-UARKJ,0
4077-HWUYD,0
2012-NWRPA,0
8808-ELEHO,0
0103-CSITQ,0
3506-LCJDC,0
8671-KKKOS,0
7305-ZWMAJ,0
9518-XXBXE,1
3934-HXCFZ,0
6578-KRMAW,0
4860-IJUDE,0
7666-WKRON,1
9688-YGXVR,0
0423-UDIJQ,0
1945-XISKS,1
4910-AQFFX,1
2154-KVJFF,0
5360-LJCNJ,0
2607-FBDFF,1
9647-ERGBE,0
3428-XZMAZ,1
1100-DDVRV,0
0378-TOVMS,1
4355-HBJHH,0
6728-WYQBC,0
9058-CBREO,0
9029-FEGVJ,1
7216-KAOID,1
0318-QUUOB,0
6145-NNPNO,0
5520-FVEWJ,0
5339-TJFEK,0
5572-ZDXHY,0
2074-GUHPQ,1
4625-XMOYM,0
5827-MWCZK,1
1385-TQOZW,1
5914-XRFQB,0
4329-YPDDQ,0
4804-NCPET,0
3750-CKVKH,0
5944-UGLLK,0
8063-GBATB,0
7787-BNTZM,1
2252-ISRNH,0
9415-TPKRV,0
5322-TEUJK,0
4547-KQRTM,0
4877-EVATK,0
1866-DIOQZ,2
8375-KVTHK,0
2697-NQBPF,0
3709-OIJEA,0
7639-SUPCW,0
1386-ZIKUV,0
0599-XNYDO,0
6377-WHAOX,0
6855-VLGOS,0
8999-XXGNS,0
8746-OQQRW,0
3181-MIZBN,0
0471-ARVMX,1
7766-CLTIC,0
5650-YLIBA,0
0825-CPPQH,0
9084-OAYKL,1
6122-LJADA,0
2400-XIWIO,0
7524-VRLPL,0
1069-XAIEM,0
7569-NMZYQ,0
5201-USSQZ,0
2105-PHWON,0
1494-EJZDW,2
4884-TVUQF,0
8003-EWNDZ,0
1897-RCFUM,0
9256-JTBNZ,0
4658-HCOHW,0
2211-RMNHO,1
2432-TFSMK,0
3440-JPSCL,0
4929-ROART,0
1834-ABKHQ,0
1741-WTPON,0
3932-IJWDZ,1
1240-HCBOH,0
3594-KADLU,1
8065-BVEPF,0
3796-ENZGF,0
1734-ZMNTZ,0
2853-CWQFQ,1
0813-TAXXS,0
2519-TWKFS,0
2889-FPWRM,0
0626-QXNGV,0
6723-CEGQI,0
6987-XQSJT,0
4732-RRJZC,0
9499-XPZXM,0
4338-EYCER,0
3007-FDPEA,0
6350-XFYGW,0
4290-BSXUX,0
8513-OLYGY,0
0311-QYWSS,0
8705-DWKTI,1
8755-IWJHN,0
0325-XBFAC,0
4480-QQRHC,0
0929-PECLO,1
3680-CTHUH,1
1202-KKGFU,0
6112-KTHFQ,0
1852-XEMDW,0
2462-XIIJB,0
4760-XOHVN,0
1820-DJFPH,0
9426-SXNHE,0
9068-FHQHD,1
1269-FOYWN,1
9470-YFUYI,0
7817-BOQPW,0
7402-EYFXX,0
1853-UDXBW,0
9895-VFOXH,0
5458-CQJTA,0
1230-QAJDW,1
5701-ZIKJE,0
5219-YIPTK,1
5032-MIYKT,1
7396-VJUZB,0
9717-QEBGU,0
5172-RKOCB,0
6509-TSGWN,0
3540-RZJYU,0
3178-CIFOT,0
2091-MJTFX,0
4530-NDRKU,0
5985-TBABQ,0
9800-ONTFE,0
6743-HHQPF,0
8455-HIRAQ,0
6616-AALSR,0
0883-EIBTI,0
9415-ZNBSX,0
4018-KJYUY,0
0722-TROQR,0
7571-YXDAD,0
3884-UEBXB,1
8780-RSYYU,0
5537-UXXVS,1
1791-PQHBB,0
8701-DGLVH,0
8741-LQOBK,0
3393-FMZPV,0
8082-GHXOP,0
6402-ZFPPI,0
0980-FEXWF,0
7486-KSRVI,0
3011-WQKSZ,0
8443-WVPSS,0
3006-XIMLN,0
8218-FFJDS,0
1986-PHGZF,0
9965-YOKZB,0
0504-HHAPI,0
9360-OMDZZ,0
6305-YLBMM,1
0345-XMMUG,0
8024-XNAFQ,1
3647-GMGDH,0
2988-GBIVW,1
2832-SCUCO,1
7036-ZZKBD,0
3791-LGQCY,0
0265-PSUAE,0
0463-TXOAK,0
0594-UFTUL,1
9509-MPYOD,0
9128-CPXKI,0
0129-KPTWJ,0
8166-ZZTFS,0
5855-EIBDE,0
5365-LLFYV,0
5956-YHHRX,1
6008-NAIXK,1
2956-GGUCQ,1
1928-BXYIV,0
5760-FXFVO,0
6595-COKXZ,1
0961-ZWLVI,0
5181-OABFK,0
4007-NHVHI,1
7816-VGHTO,2
5871-DGTXZ,0
7550-WIQVA,0
7544-ZVIKX,1
0016-QLJIS,0
7508-DQAKK,0
5176-OLSKT,1
9356-AXGMP,0
3556-BVQGL,0
0362-ZBZWJ,0
8979-CAMGB,0
4211-MMAZN,0
7581-EBBOU,0
4274-OWWYO,0
5073-RZGBK,0
1541-ETJZO,0
2192-CKRLV,0
3154-HMWUU,1
6119-SPUDB,0
6522-OIQSX,0
7813-ZGGAW,1
8748-HFWBO,0
1052-QJIBV,0
1319-YLZJG,0
4106-HADHQ,1
0723-FDLAY,0
3050-RLLXC,0
9298-WGMRW,0
2369-UAPKZ,0
3088-LHEFH,0
2778-OCLGR,0
6583-KQJLK,0
8544-JNBOX,1
6681-ZSEXG,0
6139-ZZRBQ,0
6116-RFVHN,1
0637-KVDLV,1
8884-FEEWR,0
3125-RAHBV,0
6633-MPWBS,0
0373-AIVNJ,0
8785-EPNCG,0
1682-VCOIO,0
5729-KLZAR,0
2072-ZVJJX,0
8849-AYPTR,0
9518-IMLHK,0
1582-RAFML,0
3646-ITDGM,0
8740-CRYFY,0
3569-VLDHH,0
8224-KDLKN,0
7594-LZNWR,1
4001-TSBTV,1
2962-XPMCQ,0
8727-XDPUD,0
1043-UXOVO,1
1064-FBXNK,1
3996-ZNWYK,0
2878-DHMIN,0
7762-ONLJY,0
1678-FYZOW,0
5795-BKOYE,0
8627-EHGIP,2
7402-PWYJJ,0
5480-TBGPH,0
0018-NYROU,0
7501-VTYLJ,1
7608-RGIRO,0
0480-BIXDE,0
5895-QSXOD,0
9814-AOUDH,0
6175-IRFIT,0
8760-ZRHKE,1
1622-HSHSF,0
8854-CCVSQ,0
6749-UTDVX,0
5542-DHSXL,0
9102-OXKFY,0
0511-JTEOY,0
5216-WASFJ,1
7808-DVWEP,0
7067-KSAZT,0
2284-VFLKH,0
0366-NQSHS,0
6532-YLWSI,0
3807-BPOMJ,0
3892-NXAZG,0
4948-WBBKL,1
4182-BGSIQ,0
9300-AGZNL,0
0988-AADSA,0
9972-NKTFD,0
3717-LNXKW,0
5734-EJKXG,0
2207-RYYRL,0
6729-FZWSY,0
9695-IDRZR,0
8144-DGHXP,1
7814-LEEVE,1
1112-CUNAO,0
5175-AOBHI,0
5174-RNGBH,0
8631-WUXGY,0
7270-BDIOA,0
9565-JSNFM,0
5906-DVAPM,0
6654-QGBZZ,0
8348-JLBUG,0
0607-DAAHE,0
5641-DMBFJ,0
9200-NLNPD,0
2664-XJZNO,0
9732-KPKBW,0
3339-EAQNV,0
0921-OHLVP,0
3389-YGYAI,1
9560-ARGQJ,0
8350-NYMVI,0
1600-DILPE,0
0536-ESJEP,0
4654-GGUII,0
6478-HRRCZ,0
8510-BBWMU,0
6857-TKDJV,0
2360-RDGRO,0
0584-BJQGZ,1
5134-IKDAY,0
1360-XFJMR,0
3070-DVEYC,0
5730-RIITO,0
9058-MJLZC,1
5707-ORNDZ,0
0902-XKXPN,0
5177-RVZNU,0
0056-EPFBG,0
8993-IZEUX,0
8696-JKZNU,0
5380-AFSSK,1
8190-ZTQFB,1
0931-MHTEM,0
2055-PDADH,1
7515-LODFU,0
0440-UEDAI,0
1337-BOZWO,0
0868-VJRDR,0
8714-EUHJO,0
6344-SFJVH,0
3950-VPYJB,0
8041-TMEID,1
7321-ZNSLA,0
6941-KXRRV,1
3721-CNEYS,0
8727-JQFHV,0
9475-NNDGC,0
1355-KUSBG,1
3688-FTHLT,0
0899-LIIBW,0
2568-OIADY,0
1384-RCUXW,0
5825-XJOCM,0
6848-YLDFR,0
8125-QPFJD,2
2320-YKQBO,0
1193-RTSLK,0
2302-ANTDP,0
5923-GXUOC,0
4973-RLZVI,0
7869-ZYDST,1
4501-UYKBC,0
1215-EXRMO,0
2305-MRGLV,0
8404-VIOMB,0
5233-GEEAX,1
2359-KLTEK,0
5304-EFJLP,0
2673-ZALNP,0
9184-GALIL,0
4393-RYCRE,0
9746-MDMBK,0
3162-ZJZFU,1
8404-GFGCZ,1
8875-AKBYH,0
4432-ADRLB,0
0533-UCAAU,0
1394-SUIUH,0
3521-MNKLV,0
2533-TIBIX,1
8993-PHFWD,0
1565-RHDJD,0
7137-RYLPP,0
3765-JXVKY,0
5092-STPKP,0
7330-WZLNC,0
0114-PEGZZ,0
3359-DSRKA,0
8639-NHQEI,0
7161-DFHUF,0
3957-LXOLK,0
3720-DBRWL,0
6635-MYYYZ,0
8565-WUXZU,0
5281-BUZGT,2
4994-OBRSZ,1
0562-FGDCR,0
2436-QBZFP,1
3420-YJLQT,0
6040-CGACY,0
6582-PLFUU,0
8242-PDSGJ,0
0264-CNITK,1
0089-IIQKO,0
7839-NUIAA,0
6075-QMNRR,1
5378-IKEEG,1
5966-EMAZU,0
0440-EKDCF,1
4774-HHGGS,0
2718-GAXQD,0
2055-BFOCC,1
8180-AKMJV,0
4298-OYIFC,0
5566-SOEZD,1
9842-EFSYY,0
2272-WUSPA,0
4584-LBNMK,0
3898-GUYTS,0
0930-EHUZA,0
6413-XKKPU,1
9975-SKRNR,0
3703-KBKZP,0
1449-XQEMT,0
2626-URJFX,1
4973-MGTON,0
3682-YEUWS,0
1223-UNPKS,0
2612-RRIDN,0
4735-ASGMA,1
3446-QDSZF,0
3669-LVWZB,0
6892-EZDTG,0
5117-IFGPS,0
7379-FNIUJ,0
1627-AFWVJ,0
9725-SCPZG,0
5884-GCYMI,0
3217-FZDMN,0
4486-EFAEB,0
0060-FUALY,0
7853-GVUDZ,0
7480-QNVZJ,0
6954-OOYZZ,1
7088-FBAWU,1
8313-AFGBW,0
3943-KDREE,0
9239-ZBZZV,0
3097-IDVPU,0
4398-HSCJH,0
2197-OMWGI,0
2303-PJYHN,1
9795-VOWON,0
1237-WIYYZ,0
1987-AUELQ,0
7852-LECYP,0
4430-UZIPO,0
4822-LPTYJ,1
8165-CBKXO,0
6527-PZFPV,0
4855-SNKMY,0
9593-CVZKR,1
8595-SIZNC,0
8008-HAWED,1
7124-UGSUR,0
1862-SKORY,0
5236-XMZJY,1
4827-DPADN,0
2694-CIUMO,0
5846-ABOBJ,0
1439-LCGVL,0
0909-SDHNU,0
4647-XXZAM,0
1502-XFCVR,1
7740-KKCXF,1
5360-XGYAZ,0
9692-TUSXH,0
7912-SYRQT,0
3557-HTYWR,0
4816-JBHOV,0
8920-NAVAY,0
1699-TLDLZ,0
5600-PDUJF,1
8292-TYSPY,0
0567-XRHCU,1
1867-BDVFH,0
2067-QYTCF,1
2359-QWQUL,0
9103-TCIHJ,0
7407-SUJIZ,1
9150-KPBJQ,0
0052-DCKON,0
3654-ARMGP,0
9699-UBQFS,0
9367-TCUYN,1
1261-FWTTE,0
3528-HFRIQ,0
0708-SJDIS,0
4140-WJAWW,0
2073-QBVBI,0
6928-ONTRW,0
3320-VEOYC,0
5231-FIQPA,0
6617-WLBQC,0
2599-CIPQE,0
6653-CBBOM,0
8774-GSBUN,0
7326-RIGQZ,1
1401-FTHFQ,0
3247-ZVOUO,1
0254-FNMCI,0
1848-LBZHY,1
6101-IMRMM,0
8118-TJAFG,0
5429-LWCMV,0
7298-IZWLY,0
9758-MFWGD,0
3955-JBZZM,2
1268-ASBGA,1
8943-URTMR,0
4815-TUMEQ,0
4713-LZDRV,0
9909-IDLEK,0
4092-OFQZS,0
1561-BWHIN,0
4325-NFSKC,0
9927-DSWDF,0
9500-LTVBP,0
7252-NTGSS,1
8149-AIQCG,0
1360-JYXKQ,0
2955-PSXOE,1
7762-URZQH,1
0899-WZRSD,0
3255-GRXMG,0
4828-FAZPK,0
6094-ZIVKX,0
6925-BAYGL,0
3262-EIDHV,0
7354-OIJLX,0
1376-HHBDV,0
6907-NZZIJ,0
6133-OZILE,1
4135-FRWKJ,0
2911-UREFD,0
3744-ZRRDZ,0
5673-TIYIB,0
6551-ZCOTS,1
7191-ADRGF,0
5018-LXQQG,0
6892-BOGQE,0
1602-IJQQE,0
4628-WQCQQ,0
1746-TGTWV,0
5995-SNNEW,1
8050-WYBND,0
2821-WARNZ,0
4879-GZLFH,1
1644-IRKSF,1
8314-HTWVE,0
9402-ROUMJ,0
2507-QZPQS,0
7159-NOKYQ,0
5707-ZMDJP,0
8779-YIQQA,0
7136-IHZJA,0
8966-OIQHG,0
7074-STDCN,1
3705-PSNGL,0
8739-QOTTN,0
1399-OUPJN,0
0277-BKSQP,0
6502-HCJTI,0
2606-RMDHZ,0
5774-XZTQC,1
2676-SSLTO,1
6266-QHOJZ,0
7269-JISCY,0
0363-SVHYR,0
8547-NSBBO,0
8258-GSTJK,0
6861-OKBCE,0
9940-RHLFB,0
6591-QGOYB,0
9070-BCKQP,1
6421-SZVEM,0
1328-EUZHC,0
2995-UPRYS,0
8878-RYUKI,0
9633-DENPU,0
7811-JIVPF,0
7113-HIPFI,1
8541-QVFKM,1
6686-YPGHK,0
1383-EZRWL,0
9258-CNWAC,0
5371-VYLSX,0
6374-AFWOX,1
4759-TRPLW,0
5317-FLPJF,0
7621-VPNET,0
6034-YMTOB,0
8563-IIOXK,0
4903-CNOZC,0
4353-HYOJD,0
8020-BWHYL,0
7267-FRMJW,0
2982-VPSGI,1
4188-FRABG,1
8199-ZLLSA,0
4128-ETESU,0
0620-DLSLK,0
4625-EWPTF,0
5980-NOPLP,0
3850-OKINF,0
6892-XPFPU,0
8010-EZLOU,0
1156-ZFYDO,0
3295-YVUSR,0
8016-NCFVO,0
4119-ZYPZY,1
5549-ZGHFB,0
7577-SWIFR,0
0303-WMMRN,0
6408-OTUBZ,0
5204-HMGYF,1
1078-TDCRN,0
3727-OVPRY,3
3797-FKOGQ,0
7622-NXQZR,0
6196-HBOBZ,0
3970-XGJDU,0
7017-VFULY,0
5562-YJQGT,0
8807-OPMBM,0
5439-WIKXB,1
9874-QLCLH,0
8294-UIMBA,0
8109-YUOHE,0
5840-NVDCG,0
8092-NLTGF,0
5928-QLDHB,0
9840-EFJQB,0
0696-UKTOX,0
4801-KFYKL,1
3472-OAOOR,1
6135-OZQVA,0
8062-YBDOE,0
2252-JHJGE,1
4188-PCPIG,0
6000-APYLU,0
7105-BENQF,0
7721-DVEKZ,0
3566-VVORZ,0
9507-HSMMZ,0
2480-SQIOB,1
0947-IDHRQ,0
7813-TKCVO,1
0128-MKWSG,1
3672-YITQD,0
4350-ZTLPI,0
9048-JVYVF,0
0361-HJRDX,0
5727-MYATE,0
3823-KYNQY,1
8988-ECPJR,0
7570-WELNY,0
3021-VLNRJ,1
3776-EKTKM,0
2080-CAZNM,0
1028-FFNJK,0
6907-FLBER,0
3001-UNBTL,0
5982-PSMKW,0
3507-GASNP,0
7096-ZNBZI,0
1902-XBTFB,0
1676-MQAOA,1
0786-IVLAW,1
7566-DSRLQ,1
0643-OKLRP,0
7245-JMTTQ,0
6050-IJRHS,0
6202-JVYEU,0
8591-TKMZH,0
0734-OXWBT,0
4282-ACRXS,0
0365-TRTPY,0
7349-ALMUX,0
9381-NDKME,0
6502-KUGLL,0
1841-YSJGV,0
2794-XIMMO,0
8382-SHQEH,0
3511-BFTJW,0
7668-XCFYV,0
2983-ZANRP,0
7845-URHJN,0
3034-ZBEQN,0
5018-HEKFO,0
2923-ARZLG,0
3976-NLDEZ,1
2282-YGNOR,0
5336-UFNZP,0
6854-EXGSF,1
1241-EZFMJ,0
9233-PSYHO,1
5376-PCKNB,0
8044-BGWPI,0
4060-LDNLU,0
3589-PPVKW,0
8327-LZKAS,0
5887-IKKYO,0
1075-BGWOH,0
1755-RMCXH,0
0302-JOIVN,0
3858-XHYJO,0
4299-SIMNS,0
7025-IWFHT,1
6261-LHRTG,0
7841-FCRQD,0
2056-EVGZL,0
8777-MBMTS,1
7753-USQYQ,0
5366-IJEQJ,0
7661-CPURM,0
6233-HXJMX,0
5902-WBLSE,0
1981-INRFU,0
4971-PUYQO,0
3239-TPHPZ,0
5115-GZDEL,0
3338-CVVEH,1
8485-GJCDN,0
2615-YVMYX,0
2851-STERV,0
4393-GEADV,0
8486-AYEQH,0
1527-SXDPN,1
6029-WTIPC,0
8634-CILSZ,0
5419-JKZNQ,1
2495-KZNFB,0
1409-PHXTF,0
4560-WQAQW,0
9591-YVTEB,0
9309-BZGNT,1
4274-DRSQT,1
2027-DNKIV,0
8075-GXIUB,0
2885-HIJDH,0
5424-RLQLC,0
6682-QJDGB,0
6507-DTJZV,0
8780-IXSTS,0
7673-BQGKU,0
6723-WSNTY,0
9530-EHPOH,0
2725-IWWBA,1
0345-HKJVM,1
1061-PNTHC,1
0394-YONDK,1
6574-MCOEH,1
7399-QHBJS,0
3049-SOLAY,0
0997-YTLNY,0
3317-HRTNN,0
9479-HYNYL,1
3235-ETOOB,0
9708-KFDBY,0
8058-INTPH,0
3642-GKTCT,0
0774-RMNUW,0
1334-PDUKM,0
0756-MPZRL,1
2242-MFOTG,0
2927-CVULT,0
2144-BFDSO,0
8745-PVESG,0
7647-GYYKX,1
5647-FXOTP,0
5569-OUICF,0
8821-XNHVZ,1
2082-OJVTK,0
9700-ISPUP,0
9839-ETQOE,0
6078-VESFR,0
9027-TMATR,0
5940-NFXKV,0
1941-HOSAM,1
9110-HSGTV,0
0704-VCUMB,0
6171-ZTVYB,1
8053-WWDRO,0
9564-KCLHR,1
1935-IMVBB,0
2535-PBCGC,0
2082-CEFLT,1
1470-PSXNM,0
1213-NGCUN,0
2498-XLDZR,0
9866-OCCKE,0
5338-YHWYT,0
7718-UPSKJ,0
8731-WBBMB,0
1448-CYWKC,0
7901-IIDQV,0
2690-DVRVK,0
5688-KZTSN,1
1270-XKUCC,0
0334-ZFJSR,0
2894-QOJRX,0
5747-PMBSQ,0
5583-EJXRD,0
4565-EVZMJ,1
3143-JQEGI,0
6386-SZZKH,0
3327-YBAKM,2
9441-QHEVC,0
6705-LNMDD,0
2580-ASVVY,0
3370-GQEAL,0
5032-USPKF,0
2982-IHMFT,1
3521-SYVOR,0
4254-QPEDE,0
6283-GITPX,0
9526-JAWYF,0
0771-CHWSK,0
9788-HNGUT,0
9495-REDIY,0
5375-XLDOF,1
1172-VIYBP,0
5649-VUKMC,0
6559-PDZLR,0
8992-OBVDG,0
4273-MBHYA,1
4724-WXVWF,0
5701-GUXDC,0
1460-UZPRJ,0
6082-GLJIX,0
5143-EGQFK,1
4919-IKATY,1
2495-TTHBQ,0
0485-ZBSLN,1
3810-PJUHR,0
9050-QLROH,1
0847-HGRML,0
8232-CTLKO,0
9227-YBAXE,0
6168-WFVVF,0
9860-LISIZ,0
0112-QAWRZ,1
0877-SDMBN,0
2786-GCDPI,0
4043-MKDTV,0
8065-YKXKD,0
9637-EIHEQ,0
9229-RQABD,0
8313-KTIHG,0
5320-BRKGK,0
6284-KMNUF,1
9689-PTNPG,0
9465-RWMXL,0
6229-UOLQL,0
2362-IBOOY,1
3137-LUPIX,1
0843-WTBXE,2
6143-JQKEA,0
8676-OOQEJ,0
5515-IDEJJ,0
9701-CDXHR,1
7450-NWRTR,0
8124-NZVGJ,0
2162-FRZAA,0
5376-DEQCP,0
5118-MUEYH,0
9095-HFAFX,0
5627-TVBPP,0
2379-ENZGV,0
3936-QQFLL,0
2589-AYCRP,0
4067-HLYQI,0
5124-EOGYE,0
5057-RKGLH,0
0292-WEGCH,0
8910-ICHIU,0
4097-YODCF,0
9715-WZCLW,0
9786-YWNHU,0
6407-GSJNL,2
6005-OBZPH,0
4049-ZPALD,0
7932-WPTDS,0
3733-UOCWF,0
6833-JMZYP,0
2722-VOJQL,1
1310-QRITU,0
8961-QDZZJ,0
9715-SBVSU,0
8490-BXHEO,0
7173-TETGO,0
7929-SKFGK,0
2300-RQGOI,0
3563-SVYLG,0
5228-EXCET,0
6435-VWCCY,0
4998-IKFSE,0
8630-QSGXK,0
2455-USLMV,0
7394-FKDNK,0
9488-FVZCC,0
6331-LWDTQ,0
5995-WWKKG,0
1597-FZREH,0
7879-CGSFV,0
9921-EZKBY,1
7432-FFVAR,0
7246-ZGQDF,0
7000-WCEVQ,0
0727-IWKVK,0
5959-BELXA,0
4456-RHSNB,0
3512-IZIKN,0
2481-SBOYW,0
7109-MFBYV,0
1833-TCXKK,0
1832-PEUTS,0
6141-OOXUQ,0
8660-BUETV,0
0580-PIQHM,0
5696-CEIQJ,0
7503-ZGUZJ,1
1696-HXOWK,0
3026-ATZYV,0
4012-YCFAI,1
2506-TNFCO,1
9970-QBCDA,0
8718-PTMEZ,1
9496-IVVRP,1
2207-OBZNX,0
2657-VPXTA,0
6551-VLJMV,1
1221-GHZEP,0
9289-LBQVU,0
6142-VSJQO,0
3458-IDMFK,0
6933-FHBZC,1
0221-NAUXK,0
9770-KXGQU,0
6437-UKHMV,0
6538-POCHL,0
6726-NNFWD,0
3002-WQZWT,0
4277-UDIEF,0
1208-NBVFH,0
4912-PIGUY,0
1114-CENIM,0
6060-DRTNL,0
2725-TTRIQ,0
3374-TTZTK,0
8990-ZXLSU,0
2275-RBYQS,0
8473-VUVJN,0
6289-CPNLD,0
5536-SLHPM,0
4419-UJMUS,0
7794-JASDG,0
7609-YBPXG,0
5519-TEEUH,0
7856-GANIL,1
0804-XBFBV,1
2676-OXPPQ,0
3703-TTEPD,0
2799-TSLAG,0
0196-VULGZ,0
8837-VVWLQ,0
2696-NARTR,0
2208-NKVVH,0
7614-QVWQL,0
1976-CFOCS,0
4631-OACRM,0
7139-JZFVG,0
4987-GQWPO,0
3755-JBMNH,0
1757-TCATG,0
6345-ULYRW,0
4776-XSKYQ,0
8048-DSDFQ,0
5753-QQWPW,0
6010-DDPPW,0
1809-DMJHQ,1
6693-FRIRW,0
6586-MYGKD,1
3173-NVMPX,0
0248-PGHBZ,0
0623-GDISB,0
2892-GESUL,0
6923-EFPNL,0
7472-EQOAV,0
9574-RKJIF,0
2043-WVTQJ,0
8034-RYTVV,0
3863-QSTYI,0
2619-WFQWU,1
5044-LRQAQ,0
1716-LSAMB,0
1333-PBMXB,0
6546-OPBBH,0
5985-BEHZK,0
9127-QRZMH,0
5919-VCZYM,0
9644-KVCNC,0
2137-DQMEV,1
8174-LNWMW,0
9279-CJEOJ,1
7964-VEXDG,0
2404-JIBFC,0
0778-NELLA,0
8029-XYPWT,0
4614-NUVZD,0
4632-PAOYU,0
3803-KMQFW,0
6804-GDMOI,0
2990-OGYTD,0
6646-JPPHA,0
9572-MTILT,1
7658-UYUQS,0
7880-XSOJX,0
9611-CTWIH,1
4589-IUAJB,0
0329-GTIAJ,0
8746-BFOAJ,0
8457-XIGKN,0
6072-NUQCB,0
6629-CZTTH,0
8838-GPHZP,0
8750-QWZAJ,0
5364-EVNIB,0
6918-UMQCG,0
0675-NCDYU,0
6339-DKLMK,0
1346-PJWTK,0
5088-QZLRL,1
8023-QHAIO,0
4397-FRLTA,0
3057-VJJQE,0
5087-SUURX,1
2302-OUZXB,1
8133-ANHHJ,0
2270-CHBFN,1
0013-EXCHZ,0
5982-FPVQN,0
9107-UKCKY,0
4654-ULTTN,0
5550-VFRLC,0
5546-BYZSM,0
1492-KGETH,0
4929-BSTRX,0
4163-HFTUK,0
8215-NGSPE,0
2225-ZRGSG,0
8859-YSTWS,0
5271-YNWVR,0
7601-DHFWZ,0
2657-ALMWY,0
6330-JKLPC,0
4667-OHGKG,0
1998-VHJHK,0
1707-HABPF,0
1660-HSOOQ,0
7253-UVNDW,0
0487-VVUVK,0
7228-OMTPN,0
5063-IUOKK,0
4508-OEBEY,0
0027-KWYKW,0
2308-STERM,0
5982-XMDEX,0
6284-AHOOQ,1
6051-PTVNS,0
2344-JMOGN,0
3799-ISUZQ,0
2877-VDUER,1
9152-AMKAK,1
1794-HBQTJ,0
9432-VOFYX,0
8049-WJCLQ,1
6586-PSJOX,0
2460-FPSYH,0
9705-ZJBCG,0
4818-DRBQT,0
1320-HTRDR,0
6847-KJLTS,0
9670-BPNXF,0
3913-FCUUW,0
3301-VKTGC,0
1493-AMTIE,1
9555-SAHUZ,0
0816-TSPHQ,0
9932-WBWIK,0
4619-EVPHY,0
5286-YHCVC,0
6424-ELEYH,0
4391-RESHN,0
9115-YQHGA,0
4462-CYWMH,0
8963-MQVYN,1
2458-EOMRE,0
9334-GWGOW,0
6821-BUXUX,0
5028-HTLJB,0
9801-GDWGV,0
6542-LWGXJ,0
5567-GZKQY,0
1222-LRYKO,0
2320-JRSDE,0
2087-QAREY,0
0601-WZHJF,0
4423-JWZJN,0
5143-WMWOG,0
6490-FGZAT,0
5393-RXQSZ,0
7452-FOLON,0
2320-TZRRH,0
0231-LXVAP,0
9444-JTXHZ,1
4942-VZZOM,0
5510-BOIUJ,1
7502-BNYGS,0
4291-HYEBC,0
6147-CBCRA,0
6047-SUHPR,0
4471-KXAUH,0
9752-ZNQUT,0
7638-QVMVY,0
1576-PFZIW,0
5666-MBJPT,1
7312-XSBAT,0
3096-GKWEB,1
2371-JQHZZ,1
0674-GCDXG,0
1121-QSIVB,1
4396-KLSEH,0
3244-DCJWY,0
2824-MYYBN,0
0875-CABNR,0
6345-HOVES,0
8318-LCNBW,0
6469-QJKZW,0
0147-ESWWR,0
1217-VASWC,0
7812-FZHPE,0
6370-ZVHDV,0
5915-DGNVC,1
6260-XLACS,0
3566-CAAYU,0
4983-CCWMC,0
9103-CXVOK,0
2896-TBNBE,0
4797-AXPXK,1
5229-PRWKT,0
6982-UQZLY,1
2522-WLNSF,0
3841-CONLJ,0
5057-LCOUI,0
0193-ESZXP,0
4475-NVTLU,0
4369-HTUIF,0
9386-LDCZR,0
9585-KKMFD,0
5399-ZIMKF,0
0336-KXKFK,0
5619-XZZKR,1
3948-FVVRP,0
5327-XOKKY,1
0983-TATYJ,0
1813-JYWTO,0
0156-FVPTA,0
1984-FCOWB,0
0654-HMSHN,0
6719-OXYBR,0
3312-ZWLGF,0
6476-YHMGA,1
5287-QWLKY,1
0795-XCCTE,0
0168-XZKBB,1
3785-NRHYR,0
5196-SGOAK,0
4537-DKTAL,0
7072-MBHEV,0
5602-BVFMK,0
6297-NOOPG,0
1891-UAWWU,0
8204-TIFGJ,1
8050-DVOJX,0
6108-OQZDQ,1
0363-QJVFX,0
8903-XEBGX,0
8169-SAEJD,0
9840-DVNDC,0
1089-XZWHH,0
2325-WINES,0
6064-ZATLR,0
3096-JRDSO,0
7824-PANSQ,0
8042-JVNFH,1
9648-BCHKM,0
2888-ADFAO,0
8707-HOEDG,0
3374-LXDEV,0
4072-IPYLT,0
7167-PCEYD,0
4936-YPJNK,0
1580-BMCMR,0
4817-KEQSP,0
6408-WHTEF,0
9251-AWQGT,0
8749-CLJXC,0
7989-VCQOH,0
5049-GLYVG,0
4199-QHJNM,0
8882-TLVRW,0
5883-GTGVD,0
5135-GRQJV,0
2384-OVPSA,0
1371-WEPDS,1
3580-GICBM,0
4817-QRJSX,0
9730-DRTMJ,0
4686-UXDML,0
3349-ANQNH,0
2398-YPMUR,0
0932-YIXYU,1
7480-SPLEF,0
7636-XUHWW,0
1431-CYWMH,0
5937-EORGB,0
6349-JDHQP,0
5539-HIVAK,0
5847-MXBEO,0
9985-MWVIX,0
4583-PARNH,0
1116-FRYVH,0
1421-HCERK,0
9633-XQABV,0
0716-BQNDX,0
1265-XTECC,0
1183-CANVH,0
1972-XMUWV,0
8679-LZBMD,1
3407-JMJQQ,0
6252-DFGTK,1
1539-LNKHM,0
8645-KOMJQ,1
0289-IVARM,0
9761-XUJWD,0
4057-FKCZK,0
4291-TPNFG,0
6087-YPWHO,0
3090-QFUVD,0
2237-ZFSMY,0
1722-LDZJS,1
1818-ESQMW,0
4871-JTKJF,0
1415-YFWLT,1
7401-RUBNK,0
0506-YLVKJ,0
8661-BOYNW,0
6711-VTNRE,0
4815-GBTCD,0
2805-AUFQN,0
0980-PVMRC,0
7233-DRTRF,1
3500-RMZLT,0
3873-NFTGI,0
1162-ECVII,0
7048-GXDAY,0
8571-ZCMCX,0
1169-WCVAK,1
4548-SDBKE,0
8066-POXGX,0
7129-CAKJW,0
8695-ARGXZ,0
3570-YUEKJ,0
4143-OOBWZ,0
1555-HAPSU,0
1697-NVVGY,0
7854-EKTJL,0
8464-EETCQ,0
2419-FSORS,0
8132-YPVBX,0
9102-IAYHT,0
6754-LZUKA,0
3422-LYEPQ,0
8099-MZPUJ,0
0787-LHDYT,0
2642-DTVCO,0
0374-IOEGQ,0
4361-JEIVL,1
3197-NNYNB,0
3396-DKDEL,1
1752-OZXFY,0
9066-QRSDU,0
9112-WSNPU,0
9867-NNXLC,0
5321-NTRKC,0
1363-TXLSL,0
9507-EXLTT,0
3161-GETRM,0
0402-OAMEN,0
6933-VLYFX,0
6754-WKSHP,1
9846-GKXAS,0
6017-PPLPX,0
4976-LNFVV,0
5055-MGMGF,0
4641-FROLU,0
2862-JVEOY,0
2969-QWUBZ,0
9822-BIIGN,0
2077-MPJQO,0
1534-OULXE,0
7136-RVDTZ,0
2971-SGAFL,0
1480-IVEVR,0
2905-KFQUV,0
4581-SSPWD,0
3370-HXOPH,0
9391-YZEJW,0
9958-MEKUC,0
0281-CNTZX,0
6927-WTFIV,0
4118-CEVPF,0
3398-ZOUAA,0
9114-VEPUF,1
7876-BEUTG,0
2338-BQEZT,0
9873-MNDKV,0
0378-NHQXU,0
8241-JUIQO,0
2194-IIQOF,1
4512-ZUIYL,0
9631-RXVJM,0
9584-EXCDZ,0
7969-AULMZ,0
5093-FEGLU,0
2621-UDNLU,0
7526-IVLYU,0
2428-HYUNX,0
9214-EKVXR,0
3410-MHHUM,0
0568-ONFPC,0
0733-VUNUW,0
4550-EVXNY,0
2122-YWVYA,0
2968-SSGAA,1
2296-DKZFP,0
4844-JJWUY,1
6777-TGHTM,0
8909-BOLNL,0
6603-YRDCJ,0
3538-WZPHD,0
3229-USWAR,0
2138-VFAPZ,1
6131-JLWZM,1
4785-QRJHC,0
0269-XFESX,0
1709-EJDOX,0
4316-XCSLJ,0
8610-WFCJF,0
9693-XMUOB,0
0383-CLDDA,1
4905-JEFDW,0
2709-UQGNP,0
3549-ZTMNH,0
7881-INRLC,2
8033-ATFAS,0
1635-NZATJ,0
0562-HKHML,0
8277-RVRSV,0
9943-VSZUV,0
0117-LFRMW,0
6172-FECYY,0
7054-ENNGU,0
1455-HFBXA,0
9402-CXWPL,0
1628-BIZYP,0
1965-AKTSX,0
0082-LDZUE,0
4786-UKSNZ,0
5343-SGUBI,1
0856-NAOES,0
1976-AZZPJ,0
7248-VZQLC,1
6156-UZDLF,0
3099-OONVS,1
9500-WBGRP,0
5183-KLYEM,0
5144-PQCDZ,0
8514-VZHEB,0
6625-IUTTT,1
9355-NPPFS,0
0068-FIGTF,0
5965-GGPRW,1
8035-PWSEV,0
2236-HILPA,0
1840-BIUOG,0
1356-MKYSK,0
6080-LNESI,0
1830-IPXVJ,0
5828-DWPIL,0
8398-TBIYD,0
0011-IGKFF,0
4192-GORJT,0
6496-SLWHQ,0
9912-GVSEQ,1
2931-FSOHN,1
9418-RUKPH,1
5383-MMTWC,0
9971-ZWPBF,0
4712-AUQZO,0
9711-FJTBX,2
2908-ZTPNF,0
7240-ETPTR,0
2202-CUYXZ,0
5995-OIGLP,0
8421-WZOOW,0
6261-RCVNS,0
7951-QKZPL,0
1414-YADCW,0
8756-RDDLT,0
2862-PFNIK,0
5816-QVHRX,0
4430-YHXGG,0
6888-SBYAI,0
7395-XWZOY,0
7169-YWAMK,0
3640-PHQXK,0
6877-LGWXO,0
6859-RKMZJ,1
2729-VNVAP,1
2957-JIRMN,0
2049-BAFNW,0
3842-QTGDL,0
7163-OCEQI,0
9782-LGXMC,0
5975-BAICR,1
8019-ENHXU,1
5167-GBFRE,0
9033-EOXWV,0
4673-KKSLS,0
4853-OITSN,0
9800-OUIGR,2
1324-NLTJE,0
2324-EFHVG,0
7094-MSZAO,0
1522-VVDMG,1
6907-CQGPN,0
0780-XNZFN,0
0239-OXEXL,0
2675-IJRGJ,0
7049-GKVZY,0
8577-QSOCG,0
3721-CNZHX,0
0212-ISBBF,0
9185-TQCVP,0
3585-YNADK,1
5271-DBYSJ,0
1099-GODLO,0
6828-HMKWP,0
5567-WSELE,0
1472-TNCWL,0
8063-RJYNF,0
0687-ZVTHB,0
2080-GKCWQ,0
9661-ACXBS,0
2193-SFWQW,0
5656-JAMLX,0
3462-BJQQA,1
0442-TDYUO,0
6733-LRIZX,0
9503-XJUME,0
4367-NHWMM,0
3727-RJMEO,1
3779-OSWCF,0
6736-DHUQI,1
3915-ODIYG,0
1360-RCYRT,0
2724-FJDYW,0
4451-RWASJ,0
6646-VRFOL,0
3460-TJBWI,0
5917-HBSDW,0
5685-IIXLY,0
5671-UUNXD,0
0956-ACVZC,0
2325-NBPZG,1
4250-ZBWLV,0
4482-FTFFX,0
8859-DZTGQ,0
0440-MOGPM,0
0020-JDNXP,0
3752-CQSJI,0
5025-GOOKI,0
4698-KVLLG,0
5095-AESKG,0
2887-JPYLU,0
4770-QAZXN,0
4896-CPRPF,0
1871-MOWRM,0
9714-EDSUC,0
2027-OAQQC,0
0282-NVSJS,0
9090-SGQXL,0
6595-YGXIT,0
7353-YOWFP,0
9835-ZIITK,0
8008-ESFLK,0
7537-CBQUZ,1
1555-DJEQW,0
5649-TJHOV,0
0519-XUZJU,0
3363-EWLGO,0
4750-UKWJK,0
6338-AVWCY,0
1689-YQBYY,0
4487-ZYJZK,0
2959-FENLU,0
0708-LGSMF,0
9253-QXKBE,0
7634-HLQJR,1
0487-RPVUM,0
4079-ULGFR,0
2516-XSJKX,0
0057-QBUQH,0
9445-SZLCH,0
6599-SFQVE,1
8331-ZXFOE,1
4003-FUSHP,0
0356-ERHVT,0
7325-ENZFI,1
4884-ZTHVF,1
3920-HIHMQ,0
3055-OYMSE,0
0613-WUXUM,0
7568-PODML,0
4458-KVRBJ,0
5349-IECLD,0
1397-XKKWR,0
3945-GFWQL,0
8097-OMULG,0
6013-BHCAW,0
0401-WDBXM,0
3387-PLKUI,0
6096-EGVTU,1
3797-VTIDR,1
5081-NWSUP,0
2580-ATZSQ,0
8085-MSNLK,0
9691-HKOVS,0
9881-VCZEP,0
9526-BIHHD,0
8757-TFHHJ,0
4523-WXCEF,0
1468-DEFNC,0
5119-KEPFY,0
8364-TRMMK,0
0916-KNFAJ,1
8319-QBEHW,0
3063-QFSZL,0
8775-LHDJH,0
9625-QNLUX,0
3097-NQYSN,0
4024-CSNBY,1
7110-BDTWG,0
7493-GVFIO,0
0690-SRQID,0
9605-WGJVW,0
9114-DPSIA,0
4700-UBQMV,0
7711-GQBZC,0
3565-UNOCC,0
4627-MIHJH,0
9795-NREXC,0
8573-CGOCC,0
7356-AYNJP,0
9249-FXSCK,0
5493-SDRDQ,1
6286-SUUWT,0
4819-HJPIW,0
8654-DHAOW,1
5438-QMDDL,0
9812-GHVRI,0
5553-AOINX,0
1228-ZLNBX,0
4226-KKDON,0
3831-YCPUO,0
7445-WMRBW,0
3308-DGHKL,1
9924-JPRMC,0
0080-EMYVY,0
6218-KNUBD,1
7337-CINUD,2
7609-NRNCA,1
0623-EJQEG,0
7153-CHRBV,0
0871-URUWO,0
9190-MFJLN,0
6198-PNNSZ,0
3317-VLGQT,0
4132-POCZS,0
5614-DNZCE,0
1095-JUDTC,0
3896-RCYYE,0
9638-JIQYA,0
3258-SANFR,1
3726-TBHQT,0
3190-ITQXP,1
0870-VEMYL,0
4833-QTJNO,1
3039-MJSLN,1
0178-CIIKR,0
5385-SUIRI,0
3982-XWFZQ,0
5774-QPLTF,0
2322-VCZHZ,0
5010-IPEAQ,0
4009-ALQFH,0
6383-ZTSIW,0
8990-YOZLV,0
3069-SSVSN,0
5222-IMUKT,0
3627-FCRDW,0
7562-GSUHK,0
6685-XSHHU,0
8901-UPRHR,1
4903-UYAVB,1
0118-JPNOY,0
6776-TLWOI,0
3845-FXCYS,0
5857-XRECV,0
0725-CXOTM,0
4343-EJVQB,0
9000-PLFUZ,0
3427-GGZZI,0
7779-ORAEL,0
0644-OQMDK,0
4077-CROMM,0
3154-CFSZG,0
2868-MZAGQ,0
4847-QNOKA,1
2220-IAHLS,0
1658-XUHBX,0
6379-RXJRQ,0
2378-HTWFW,0
8650-RHRKE,1
4377-VDHYI,1
0475-RIJEP,0
1260-TTRXI,0
3719-TDVQB,0
6328-ZPBGN,0
0201-MIBOL,0
4937-QPZPO,0
2925-VDZHY,0
6981-TDRFT,0
3413-CSSTH,0
8033-VCZGH,0
4789-KWMXN,0
0224-NIJLP,1
7542-CYDDM,0
4718-WXBGI,0
2867-UIMSS,0
8495-PRWFH,0
0439-IFYUN,0
5716-LIBJC,0
2868-LLSKM,0
8111-RKSPX,0
2988-QRAJY,0
1585-MQSSU,0
0071-NDAFP,0
2856-NNASM,1
7328-ZJAJO,0
6458-CYIDZ,0
8559-CIZFV,0
1090-PYKCI,0
3058-WQDRE,0
7547-EKNFS,1
2279-AXJJK,0
6769-DYBQN,0
0909-SELIE,0
3417-TSCIC,0
1042-HFUCW,0
4439-JMPMT,0
6537-OTKMY,0
8999-EXMNO,0
6725-TPKJO,0
2446-BEGGB,0
7162-WPHPM,0
1599-MMYRQ,1
8821-KVZKQ,0
1496-GGSUK,0
6434-TTGJP,0
0042-JVWOJ,0
0130-SXOUN,0
2575-GFSOE,0
2330-PQGDQ,0
1452-UZOSF,0
2097-YVPKN,0
2842-JTCCU,0
8597-CTXVJ,0
6631-HMANX,0
9962-BFPDU,0
3296-SILRA,0
9681-OXGVC,0
6394-HHHZM,0
5995-LFTLE,1
5180-UCIIQ,0
1932-UEDCX,0
7153-OANIO,0
5188-HGMLP,0
0665-XHDJU,0
6521-YYTYI,0
8878-HMWBV,0
8265-HKSOW,0
3544-FBCAS,0
5331-RGMTT,0
4759-PXTAN,0
7054-DMVAS,0
3428-MMGUB,0
6549-BTYPG,0
7823-JSOAG,0
3705-RHRFR,0
9374-YOLBJ,0
9074-KGVOX,0
6128-DAFVY,0
9933-QRGTX,0
4476-OSWTN,0
3751-KTZEL,0
1977-STDKI,0
5066-GFJMM,0
2661-GKBTK,0
0458-HEUZG,1
7268-WNTCP,0
0824-VWDPO,0
8409-WQJUX,0
2578-JQPHZ,0
3278-FSIXX,1
5813-UECBU,0
0328-GRPMV,0
9746-UGFAC,0
2946-KIQSP,0
0625-AFOHS,1
6726-WEXXK,0
4636-OLWOE,0
4342-HENTK,0
4685-ERGHK,1
0885-HMGPY,1
5003-OKNNK,0
4195-SMMNX,0
7208-PSIHR,0
4012-ZTHBR,0
0489-WMEMG,0
7435-ZNUYY,0
1354-YZFNB,0
6956-SMUCM,0
2985-FMWYF,0
2812-ENYMO,0
2717-HVIZY,0
3223-WZWJM,0
3422-GALYP,0
9053-JZFKV,1
2530-ENDWQ,0
2890-WFBHU,0
0327-WFZSY,0
7977-HXJKU,0
6615-ZGEDR,0
7033-CLAMM,0
4023-RTIQM,0
0864-FVJNJ,1
7356-IWLFW,0
9541-PWTWO,0
3967-VQOGC,0
7872-RDDLZ,1
9250-WYPLL,0
6308-CQRBU,0
2754-XBHTB,1
1597-LHYNC,0
0186-CAERR,0
3043-SUDUA,0
5442-BHQNG,0
2169-RRLFW,1
5872-OEQNH,0
3162-KKZXO,1
7055-VKGDA,0
0754-UKWQP,0
8873-GLDMH,1
5696-JVVQY,0
8946-BFWSG,0
7493-TPUWZ,0
0547-HURJB,0
8904-OPDCK,0
8845-LWKGE,0
1577-HKTFG,0
8752-STIVR,0
0691-NIKRI,0
5022-JNQEQ,0
4558-FANTW,1
3249-VHRIP,1
3736-BLEPA,0
4701-LKOZD,1
6603-QWSPR,1
9921-QFQUL,0
1929-ZCBHE,1
4378-MYPGO,0
8651-ENBZX,0
4129-LYCOI,1
7798-JVXYM,0
8647-SDTWQ,1
2696-ECXKC,0
2081-KJSQF,0
7623-TRNQN,0
3323-CPBWR,0
9330-IJWIO,0
3384-CTMSF,0
0902-RFHOF,0
9286-DOJGF,0
6048-QBXKL,0
9661-MHUMO,0
7718-RXDGG,0
1025-FALIX,0
3451-VAWLI,0
3407-QGWLG,0
1842-EZJMK,0
2347-WKKAE,0
8735-DCXNF,1
3214-IYUUQ,1
1936-UAFEH,0
3587-PMCOY,0
8079-XRJRS,0
1027-LKKQQ,0
7148-XZPHA,0
8073-IJDCM,0
5309-TAIKL,1
6856-RAURS,0
8778-LMWTJ,1
9717-IOAAF,0
8884-ADFVN,0
2845-KDHVX,1
0848-SOMKO,0
2720-WGKHP,0
6734-FQAJX,1
2869-ADAWR,0
1535-VTJOQ,0
6368-TZZDT,0
0943-ZQPXH,0
1293-BSEUN,0
9894-EZEWG,0
1302-TPUBN,0
7851-FLGGQ,0
0637-UBJRP,0
0940-OUQEC,0
2378-VTKDH,0
0927-CNGRH,0
8608-OZTLB,1
2335-GSODA,0
1952-DVVSW,0
0702-PGIBZ,0
6656-GULJQ,0
9853-JFZDU,0
1963-VAUKV,0
3777-XROBG,0
6994-FGRHH,0
4000-VGMQP,0
3999-WRNGR,1
3466-RITXD,0
2680-XKKNJ,0
3058-HJCUY,0
2974-GGUXS,0
7994-XIRTR,1
3259-FDWOY,1
2101-RANCD,0
7921-BEPCI,0
0807-ZABDG,1
8510-TMWYB,0
3258-ZKPAI,0
1428-IEDPR,0
5298-GSTLM,0
4450-YOOHP,0
6728-CZFEI,0
5748-RNCJT,0
3653-NCRDJ,0
6121-TNHBO,0
5119-NZPTV,1
6519-ZHPXP,0
7739-LAXOG,0
3472-QPRCH,0
8224-UAXBZ,0
9610-WCESF,0
9776-CLUJA,0
2486-WYVVE,0
3865-ZYKAD,0
1422-DGUBX,0
2999-AANRQ,0
8668-KNZTI,0
0480-KYJVA,1
6034-ZRYCV,0
9746-YKGXB,0
3926-YZVVX,0
6000-UKLWI,0
2079-FBMZK,0
6332-FBZRI,0
2096-XOTMO,0
3266-FTKHB,0
8221-EQDGL,0
2346-LOCWC,0
6608-QQLVK,0
0298-XACET,0
7560-QJAVJ,0
2995-YWTCD,1
3551-HUAZH,0
9137-UIYPG,0
2809-ZMYOQ,0
5084-OOVCJ,0
0254-WWRKD,0
7727-SHVZV,0
6302-JGYRJ,1
5339-PXDVH,0
2205-LPVGL,0
8782-NUUOL,1
3685-YLCMQ,0
7601-WFVZV,0
4609-KNNWG,0
4868-AADLV,0
9529-OFXHY,0
8634-MPHTR,0
2669-QVCRG,0
2478-EEWWM,0
9174-IHETN,0
2233-TXSIU,0
9644-UMGQA,0
3256-EZDBI,0
8761-NSOBC,1
0419-YAAPX,0
8413-VONUO,0
0872-CASZJ,0
4726-DLWQN,0
8164-OCKUJ,0
3094-JOJAI,0
9494-MRNYX,0
2599-CZABP,0
7945-PRBVF,0
4544-RXFMG,1
0859-YGKFW,0
1150-FTQGN,0
9223-UCPVT,0
7196-LIWRH,1
5448-VWNAM,1
1177-XZBJL,0
3518-FSTWG,0
9330-VOFSZ,1
4351-QLCSU,0
0939-EREMR,0
9389-ACWBI,0
5419-JPRRN,0
3644-QXEHN,1
2911-IJORQ,1
5921-NGYRH,0
2100-BDNSN,0
5998-DZLYR,0
0488-GSLFR,0
9318-NKNFC,0
3985-HOYPM,0
9728-FTTVZ,0
9548-LERKT,0
6576-FBXOJ,1
4310-KEDTB,0
7254-IQWOZ,0
2474-BRUCM,0
4062-HBMOS,0
0742-NXBGR,0
2676-ISHSF,0
9236-NDUCW,0
4753-PADAS,0
6103-QCKFX,0
7781-EWARA,0
6110-OHIHY,0
7018-FPXHH,0
5889-LFOLL,0
5708-EVONK,0
8708-XPXHZ,0
0616-ATFGB,0
0572-ZJKLT,0
5135-RDDQL,0
1353-LJWEM,0
1794-SWWKL,0
6166-YIPFO,0
7016-BPGEU,0
6876-ADESB,0
9332-GYWLO,0
1963-SVUCV,1
4184-VODJZ,0
0220-EBGCE,0
1092-WPIVQ,0
7233-IOQNP,0
2834-JKOOW,0
2754-VDLTR,0
2400-FEQME,0
3190-XFANI,0
7551-DACSP,0
4957-SREEC,0
7235-NXZCP,0
0230-UBYPQ,0
4923-ADWXJ,0
1763-KUAAW,0
1104-TNLZA,1
5195-KPUNQ,0
0520-FDVVT,0
3439-GVUSX,1
1444-VVSGW,0
5712-PTIWW,0
5949-HGVJL,0
5203-XEHAX,0
1635-HDGFT,0
3315-TOTBP,1
8050-XGRVL,0
6661-HBGWL,0
1518-VOWAV,0
9828-QHFBK,0
3908-MKIMJ,0
5012-YSPJJ,0
5909-ECHUI,0
1309-BXVOQ,0
6728-VOIFY,0
9317-WZPGV,0
4891-NLUBA,0
2856-HYAPG,0
8969-PRHFK,0
0661-KQHNK,0
8709-KRDVL,0
4488-PSYCG,1
1427-VERSM,0
9801-NOSHQ,1
6339-YPSAH,0
3621-CEOVK,0
6906-ANDWJ,0
2159-TURXX,1
1548-FEHVL,0
3795-CAWEX,0
6215-NQCPY,0
5647-URDKA,0
2229-DPMBI,0
9626-WEQRM,0
2188-SXWVT,0
6258-PVZWJ,0
1094-BKOSX,0
6969-MVBAI,0
2978-XXSOG,0
2342-CKIAO,0
6953-PBDIN,0
3898-BSJYF,0
3938-YFPXD,0
7696-AMHOD,0
2453-SAFNS,0
9558-IHEZX,0
9617-UDPEU,0
6340-DACFT,0
4955-VCWBI,0
6813-GZQCG,0
7426-GSWPO,0
3389-KTRXV,0
3118-UHVVQ,0
1031-IIDEO,0
5832-XKAES,0
3205-MXZRA,0
4701-AHWMW,0
8317-BVKSO,0
5702-KVQRD,0
0083-PIVIK,1
9210-IAHGH,0
6169-PGNCD,0
0023-XUOPT,0
4592-IWTJI,0
4909-JOUPP,0
4657-FWVFY,0
2257-BOVXD,0
7729-JTEEC,0
7632-MNYOY,0
6518-LGAOV,0
7242-QZLXF,0
4576-CSAJH,0
1000-AJSLD,0
9696-RMYBA,0
8690-UPCZI,0
1062-LHZOD,0
9770-LXDBK,1
4086-WITJG,0
8344-WFMFH,0
9600-NAXZN,0
8822-KNBHV,0
8404-FYDIB,0
2791-SFVEW,0
6457-USBER,0
6762-NSODU,1
4662-EKDPQ,0
9248-OJYKK,0
9888-ZCUMM,0
3398-FSHON,0
3319-DWOEP,0
1074-WVEVG,0
9979-RGMZT,0
6437-UDQJM,0
1226-IENZN,1
2108-GLPQB,0
9259-PACGQ,0
4415-IJZTP,1
1465-VINDH,0
5474-LAMUQ,0
3468-DRVQJ,0
1122-YJBCS,0
4990-ALDGW,1
4816-OKWNX,0
3315-IKYZQ,1
2810-FTLEM,0
4747-LCAQL,0
3411-WLRSQ,0
0898-XCGTF,1
8006-PYCSW,0
8249-THVEC,0
8722-PRFDV,1
2164-SOQXL,0
4020-KIUDI,0
5850-BDWCY,0
2038-YSEZE,0
0827-ITJPH,0
8799-OXZMD,0
1925-TIBLE,0
1705-GUHPV,1
4779-ZGICK,0
0048-PIHNL,1
0818-OCPZO,0
3967-KXAPS,0
1447-GIQMR,0
3704-IEAXF,0
6810-VCAEX,0
0674-EYYZV,0
4480-MBMLB,0
1395-OFUWC,1
0822-QGCXA,1
0872-NXJYS,0
2832-KJCRD,0
3588-WSTTJ,0
4075-WKNIU,0
5090-EMGTC,0
2346-CZYIL,1
3798-EPWRR,0
6258-NGCNG,0
4186-ZBUEW,1
5274-XHAKY,0
1442-BQPVU,0
3978-YNKDD,0
4940-KHCWD,0
9412-ARGBX,0
1389-CXMLU,0
9589-ABEPT,0
9388-ZEYVT,0
0305-SQECB,0
7605-SNLQG,0
4670-TABXH,0
5561-NWEVX,0
0064-SUDOG,0
8561-NMTBD,0
5161-XEUVX,1
8292-FRFZQ,0
8591-NXRCV,0
7895-VONWT,0
4526-RMTLL,1
6253-GNHWH,0
4566-NECEV,0
8080-POTJR,0
6906-MPARY,0
3662-FXJFO,0
8107-RZLNV,0
0516-OOHAR,0
2027-CWDNU,0
2737-WFVYW,1
9912-OMZDS,1
3733-ZEECP,0
7878-RTCZG,0
2452-MRMZF,0
2272-QAGFO,0
7103-IPXPJ,0
4342-HFXWS,1
3545-CNWRG,0
1785-BPHTP,0
4989-LIXVT,1
7315-WYOAW,0
1173-XZPYF,0
9850-OWRHQ,0
3768-NLUBH,0
8676-TRMJS,0
2509-TFPJU,0
9530-GRMJG,0
6898-RBTLU,1
5481-NTDOH,0
2068-WWXQZ,0
7359-SSBJK,0
2061-VVFST,1
0685-MLYYM,0
0749-IRGQE,1
2380-DAMQP,0
2256-YLYLP,0
1272-ILHFG,0
0164-XAIRP,0
5666-CYCYZ,0
4011-ARPHK,0
8182-PNAGI,0
6365-HITVU,0
7558-IMLMT,0
9488-FYQAU,0
3590-TCXTB,1
6994-KERXL,0
7957-RYHQD,0
2180-DXNEG,0
1960-UOTYM,0
2740-JFBOK,0
6500-JVEGC,0
5515-AKOAJ,1
8976-OQHGT,0
5245-VDBUR,0
6230-BSUXY,0
8469-SNFFH,0
2144-ESWKO,0
1241-FPMOF,0
9928-BZVLZ,1
4114-QMKVN,0
2775-SEFEE,0
9003-CPATH,0
1754-GKYPY,0
5294-CDGWY,0
7956-XQWGU,0
1591-MQJTP,0
5295-PCJOO,0
2369-FEVNO,0
9863-JZAIC,1
7471-MQPOS,1
7660-HDPJV,0
5115-SQAAU,0
9845-QOMAD,0
7672-VFMXZ,0
9739-JLPQJ,0
9916-AYHTC,0
3855-ONCAR,0
1488-SYSFC,0
7931-PXHFC,0
3990-QYKBE,0
0970-QXPXW,1
3259-KNMRR,1
6120-RJKLU,0
9572-WUKSB,0
5893-KCLGT,1
0076-LVEPS,0
3640-JQGJG,0
4919-MOAVT,0
1596-OQSPS,0
9867-XOBQA,0
9546-KDTRB,0
3090-HAWSU,1
9820-RMCQV,0
3174-RKMOW,0
1760-CAZHT,0
7839-QRKXN,0
8441-SHIPE,2
5204-QZXPU,0
4597-ELFTS,0
1320-GVNHT,2
1047-RNXZV,0
3541-ZNUHK,0
8450-JOVAH,0
8725-JEDFD,0
7562-UXTPG,0
8071-SBTRN,0
1113-IUJYX,0
6668-CNMFP,0
5626-MGTUK,0
5681-LLOEI,0
8212-DJRCH,0
4323-OHFOW,0
4933-BSAIP,1
2030-BTZRO,1
1116-DXXDF,1
9274-CNFMO,0
7758-XKCBS,0
8992-JQYUN,0
6563-VNPMN,0
0617-AQNWT,1
2267-WTPYD,0
0270-THENM,0
2446-PLQVO,0
4707-MAXGU,0
2710-WYVXG,0
3005-NFMTA,0
6300-BWMJX,0
8784-CGILN,0
5389-FFVKB,1
7009-LGECI,0
8444-WRIDW,1
5022-KVDQT,0
7976-CICYS,0
1036-GUDCL,0
2005-DWQZJ,1
8148-WOCMK,0
7815-PDTHL,0
9451-LPGOO,0
9173-IVZVP,0
9129-UXERG,2
3635-JBPSG,1
7964-ZRKKG,1
5868-YWPDW,0
6229-LSCKB,0
2025-JKFWI,0
4078-SAYYN,0
1724-IQWNM,0
8217-QYOHV,0
5546-QUERU,0
9940-HPQPG,1
6897-UUBNU,0
6127-IYJOZ,0
6618-RYATB,0
8930-XOTDP,0
5916-QEWPT,0
5060-TQUQN,1
0531-XBKMM,0
8465-SBRXP,0
2408-PSJVE,0
9079-YEXQJ,0
9700-ZCLOT,0
8738-JOKAR,0
4534-WGCIR,1
1930-WNXSB,1
2685-SREOM,0
3508-CFVZL,0
0402-CQAJN,0
6692-UDPJC,0
1273-MTETI,0
0657-DOGUM,0
5480-HPRRX,0
8792-AOROI,0
0295-PPHDO,0
5146-YYFRZ,0
1195-OIYEJ,0
5906-CVLHP,1
3452-SRFEG,0
4070-OKWVH,0
5297-MDOIR,1
6369-MCAKO,0
4926-UMJZD,0
6848-HJTXY,0
6341-AEVKX,0
4501-EQDRN,1
2990-HWIML,0
0682-USIXD,0
6976-BWGLQ,0
7078-NVFAM,1
8065-QBYTO,0
2133-TSRRM,0
7384-GHBPI,0
7603-USHJS,0
7234-FECYN,1
2511-ALLCS,0
3191-CSNMG,0
7952-OBOYL,0
7470-DYNOE,0
7853-OETYL,0
1545-ACTAS,0
5876-HZVZM,1
1400-MMYXY,0
5126-RCXYW,0
3085-QUOZK,1
2363-BJLSL,0
1956-YIFGE,0
3926-CUQZX,0
7921-LMDFQ,0
2925-MXLSX,1
5820-PTRYM,0
9609-BENEA,0
6211-WHMYA,0
4459-BBGHE,0
9945-PSVIP,0
1041-RXHRA,0
1750-CSKKM,0
9108-EJFJP,0
0530-IJVDB,0
0508-SQWPL,0
2215-ZAFGX,0
8213-TAZPM,0
7142-HVGBG,1
1304-SEGFY,0
7242-EDTYC,0
2904-GGUAZ,0
8267-ZNYVZ,0
5136-GFPMB,0
2595-KIWPV,0
5243-SAOTC,0
9398-MMQTO,0
7619-PLRLP,0
6457-GIRWB,0
6508-NJYRO,0
1450-SKCVI,0
4710-NKCAW,0
5306-BVTKJ,1
0357-NVCRI,0
5570-PTWEH,1
2371-KFUOG,0
0463-ZSDNT,0
6502-MJQAE,0
6257-DTAYD,0
4616-ULAOA,0
7693-LCKZL,0
7746-AWNQW,0
5996-EBTKM,0
2758-RNWXS,1
2314-TNDJQ,0
2405-LBMUW,1
3454-JFUBC,0
0032-PGELS,0
9039-ZVJDC,0
6797-LNAQX,1
9013-AQORL,0
2898-MRKPI,1
2750-BJLSB,1
3648-GZPHF,0
2075-RMJIK,0
9588-YRFHY,0
6394-MFYNG,1
1564-NTYXF,1
9364-YKUVW,1
5392-AKEMH,0
2451-YMUXS,0
3914-FDRHP,0
3078-ZKNTS,0
1024-KPRBB,0
4690-PKDQG,0
8155-IBNHG,1
0886-QGENL,0
9547-ITEFG,0
1264-FUHCX,0
7789-CRUVC,0
6598-KELSS,0
8739-WWKDU,0
8685-WHQPW,0
4745-LSPLO,0
8083-YTZES,0
7240-FQLHE,0
6664-FPDAC,0
9972-VAFJJ,0
0422-UXFAP,0
1904-WAJAA,0
5130-YPIRV,0
2843-CQMEG,0
6439-PKTRR,0
5351-QESIO,0
0786-VSSUD,1
5568-DMXZS,0
8468-FZTOE,0
6633-SYEUS,0
6447-GORXK,0
6967-PEJLL,0
3976-BWUCK,0
5981-ZVXOT,0
1684-FLBGS,0
1389-WNUIB,1
0376-OIWME,0
3585-ISXZP,0
0218-QNVAS,0
6583-QGCSI,0
0804-YGEQV,0
7164-BPTUT,0
4174-LPGTI,0
2523-EWWZL,0
0928-XUTSN,0
2108-XWMPY,0
0052-YNYOT,0
6304-IJFSQ,0
9586-JGQKH,0
4501-VCPFK,0
6075-SLNIL,0
9347-AERRL,0
0093-XWZFY,0
2274-XUATA,0
1980-KXVPM,0
7703-ZEKEF,0
0723-DRCLG,0
5482-NUPNA,0
6691-CCIHA,0
1685-BQULA,0
9053-EJUNL,0
0666-UXTJO,1
1471-GIQKQ,0
4807-IZYOZ,0
1122-JWTJW,0
9710-NJERN,0
9837-FWLCH,0
1699-HPSBG,0
7203-OYKCT,2
1035-IPQPU,1
7398-LXGYX,0
2823-LKABH,0
8775-CEBBJ,1
0550-DCXLH,0
9281-CEDRU,0
2235-DWLJU,0
0871-OPBXW,0
3605-JISKB,0
6894-LFHLY,0
9767-FFLEM,1
0639-TSIQW,0
8456-QDAVC,0
7750-EYXWZ,0
2569-WGERO,1
6840-RESVB,0
2234-XADUH,0
4801-JZAZL,0
8361-LTMKD,0
3186-AJIEK,0
